GH_ft,Fr_ft
4.06,5.1
4.07,5.1
4.08,5.1
4.09,5.1
4.1,5.1
4.11,5.11
4.12,5.11
4.13,5.11
4.14,5.11
4.15,5.11
4.16,5.11
4.17,5.11
4.18,5.11
4.19,5.11
4.2,5.11
4.21,5.12
4.22,5.12
4.23,5.12
4.24,5.12
4.25,5.12
4.26,5.12
4.27,5.12
4.28,5.12
4.29,5.12
4.3,5.13
4.31,5.13
4.32,5.13
4.33,5.13
4.34,5.13
4.35,5.13
4.36,5.13
4.37,5.13
4.38,5.13
4.39,5.14
4.4,5.14
4.41,5.14
4.42,5.14
4.43,5.14
4.44,5.14
4.45,5.14
4.46,5.14
4.47,5.14
4.48,5.14
4.49,5.15
4.5,5.15
4.51,5.15
4.52,5.15
4.53,5.15
4.54,5.15
4.55,5.15
4.56,5.15
4.57,5.15
4.58,5.16
4.59,5.16
4.6,5.16
4.61,5.16
4.62,5.16
4.63,5.16
4.64,5.16
4.65,5.16
4.66,5.16
4.67,5.16
4.68,5.17
4.69,5.17
4.7,5.17
4.71,5.17
4.72,5.17
4.73,5.17
4.74,5.17
4.75,5.17
4.76,5.17
4.77,5.18
4.78,5.18
4.79,5.18
4.8,5.18
4.81,5.18
4.82,5.18
4.83,5.18
4.84,5.18
4.85,5.18
4.86,5.19
4.87,5.19
4.88,5.19
4.89,5.19
4.9,5.19
4.91,5.19
4.92,5.19
4.93,5.19
4.94,5.19
4.95,5.19
4.96,5.2
4.97,5.2
4.98,5.2
4.99,5.2
5,5.2
5.01,5.2
5.02,5.2
5.03,5.2
5.04,5.2
5.05,5.2
5.06,5.21
5.07,5.21
5.08,5.21
5.09,5.21
5.1,5.21
5.11,5.21
5.12,5.21
5.13,5.21
5.14,5.21
5.15,5.22
5.16,5.22
5.17,5.22
5.18,5.22
5.19,5.22
5.2,5.22
5.21,5.22
5.22,5.22
5.23,5.22
5.24,5.22
5.25,5.22
5.26,5.23
5.27,5.23
5.28,5.23
5.29,5.23
5.3,5.23
5.31,5.23
5.32,5.23
5.33,5.23
5.34,5.23
5.35,5.24
5.36,5.24
5.37,5.24
5.38,5.24
5.39,5.24
5.4,5.24
5.41,5.24
5.42,5.24
5.43,5.24
5.44,5.24
5.45,5.24
5.46,5.25
5.47,5.25
5.48,5.25
5.49,5.25
5.5,5.25
5.51,5.25
5.52,5.25
5.53,5.25
5.54,5.25
5.55,5.26
5.56,5.26
5.57,5.26
5.58,5.26
5.59,5.26
5.6,5.26
5.61,5.26
5.62,5.26
5.63,5.26
5.64,5.26
5.65,5.26
5.66,5.27
5.67,5.27
5.68,5.27
5.69,5.27
5.7,5.27
5.71,5.27
5.72,5.27
5.73,5.27
5.74,5.27
5.75,5.28
5.76,5.28
5.77,5.28
5.78,5.28
5.79,5.28
5.8,5.28
5.81,5.28
5.82,5.28
5.83,5.28
5.84,5.28
5.85,5.28
5.86,5.29
5.87,5.29
5.88,5.29
5.89,5.29
5.9,5.29
5.91,5.29
5.92,5.29
5.93,5.29
5.94,5.29
5.95,5.3
5.96,5.3
5.97,5.3
5.98,5.3
5.99,5.3
6,5.3
6.01,5.3
6.02,5.3
6.03,5.3
6.04,5.3
6.05,5.3
6.06,5.3
6.07,5.31
6.08,5.31
6.09,5.31
6.1,5.31
6.11,5.31
6.12,5.31
6.13,5.31
6.14,5.31
6.15,5.31
6.16,5.31
6.17,5.31
6.18,5.31
6.19,5.31
6.2,5.32
6.21,5.32
6.22,5.32
6.23,5.32
6.24,5.32
6.25,5.32
6.26,5.32
6.27,5.32
6.28,5.32
6.29,5.32
6.3,5.32
6.31,5.32
6.32,5.32
6.33,5.32
6.34,5.33
6.35,5.33
6.36,5.33
6.37,5.33
6.38,5.33
6.39,5.33
6.4,5.33
6.41,5.33
6.42,5.33
6.43,5.33
6.44,5.33
6.45,5.33
6.46,5.33
6.47,5.34
6.48,5.34
6.49,5.34
6.5,5.34
6.51,5.34
6.52,5.34
6.53,5.34
6.54,5.34
6.55,5.34
6.56,5.34
6.57,5.34
6.58,5.34
6.59,5.34
6.6,5.34
6.61,5.35
6.62,5.35
6.63,5.35
6.64,5.35
6.65,5.35
6.66,5.35
6.67,5.35
6.68,5.35
6.69,5.35
6.7,5.35
6.71,5.35
6.72,5.35
6.73,5.35
6.74,5.36
6.75,5.36
6.76,5.36
6.77,5.36
6.78,5.36
6.79,5.36
6.8,5.36
6.81,5.36
6.82,5.36
6.83,5.36
6.84,5.36
6.85,5.36
6.86,5.36
6.87,5.37
6.88,5.37
6.89,5.37
6.9,5.37
6.91,5.37
6.92,5.37
6.93,5.37
6.94,5.37
6.95,5.37
6.96,5.37
6.97,5.37
6.98,5.37
6.99,5.37
7,5.38
7.01,5.38
7.02,5.38
7.03,5.38
7.04,5.38
7.05,5.38
7.06,5.38
7.07,5.38
7.08,5.38
7.09,5.38
7.1,5.38
7.11,5.38
7.12,5.38
7.13,5.38
7.14,5.39
7.15,5.39
7.16,5.39
7.17,5.39
7.18,5.39
7.19,5.39
7.2,5.39
7.21,5.39
7.22,5.39
7.23,5.39
7.24,5.39
7.25,5.39
7.26,5.39
7.27,5.4
7.28,5.4
7.29,5.4
7.3,5.4
7.31,5.4
7.32,5.4
7.33,5.4
7.34,5.4
7.35,5.4
7.36,5.4
7.37,5.4
7.38,5.4
7.39,5.4
7.4,5.4
7.41,5.41
7.42,5.41
7.43,5.41
7.44,5.41
7.45,5.41
7.46,5.41
7.47,5.41
7.48,5.41
7.49,5.41
7.5,5.41
7.51,5.41
7.52,5.41
7.53,5.41
7.54,5.42
7.55,5.42
7.56,5.42
7.57,5.42
7.58,5.42
7.59,5.42
7.6,5.42
7.61,5.42
7.62,5.42
7.63,5.42
7.64,5.42
7.65,5.42
7.66,5.42
7.67,5.43
7.68,5.43
7.69,5.43
7.7,5.43
7.71,5.43
7.72,5.43
7.73,5.43
7.74,5.43
7.75,5.43
7.76,5.43
7.77,5.43
7.78,5.43
7.79,5.43
7.8,5.44
7.81,5.44
7.82,5.44
7.83,5.44
7.84,5.44
7.85,5.44
7.86,5.44
7.87,5.44
7.88,5.44
7.89,5.44
7.9,5.44
7.91,5.44
7.92,5.44
7.93,5.44
7.94,5.45
7.95,5.45
7.96,5.45
7.97,5.45
7.98,5.45
7.99,5.45
8,5.45
8.01,5.45
8.02,5.45
8.03,5.45
8.04,5.45
8.05,5.45
8.06,5.45
8.07,5.46
8.08,5.46
8.09,5.46
8.1,5.46
8.11,5.46
8.12,5.46
8.13,5.46
8.14,5.46
8.15,5.46
8.16,5.46
8.17,5.46
8.18,5.46
8.19,5.46
8.2,5.46
8.21,5.47
8.22,5.47
8.23,5.47
8.24,5.47
8.25,5.47
8.26,5.47
8.27,5.47
8.28,5.47
8.29,5.47
8.3,5.47
8.31,5.47
8.32,5.47
8.33,5.47
8.34,5.48
8.35,5.48
8.36,5.48
8.37,5.48
8.38,5.48
8.39,5.48
8.4,5.48
8.41,5.48
8.42,5.48
8.43,5.48
8.44,5.48
8.45,5.48
8.46,5.48
8.47,5.49
8.48,5.49
8.49,5.49
8.5,5.49
8.51,5.49
8.52,5.49
8.53,5.49
8.54,5.49
8.55,5.49
8.56,5.49
8.57,5.49
8.58,5.49
8.59,5.49
8.6,5.5
8.61,5.5
8.62,5.5
8.63,5.5
8.64,5.5
8.65,5.5
8.66,5.5
8.67,5.5
8.68,5.5
8.69,5.5
8.7,5.5
8.71,5.5
8.72,5.5
8.73,5.5
8.74,5.51
8.75,5.51
8.76,5.51
8.77,5.51
8.78,5.51
8.79,5.51
8.8,5.51
8.81,5.51
8.82,5.51
8.83,5.51
8.84,5.51
8.85,5.51
8.86,5.51
8.87,5.52
8.88,5.52
8.89,5.52
8.9,5.52
8.91,5.52
8.92,5.52
8.93,5.52
8.94,5.52
8.95,5.52
8.96,5.52
8.97,5.52
8.98,5.52
8.99,5.52
9,5.52
9.01,5.53
9.02,5.53
9.03,5.53
9.04,5.53
9.05,5.53
9.06,5.53
9.07,5.53
9.08,5.53
9.09,5.53
9.1,5.53
9.11,5.53
9.12,5.53
9.13,5.53
9.14,5.54
9.15,5.54
9.16,5.54
9.17,5.54
9.18,5.54
9.19,5.54
9.2,5.54
9.21,5.54
9.22,5.54
9.23,5.54
9.24,5.54
9.25,5.54
9.26,5.54
9.27,5.55
9.28,5.55
9.29,5.55
9.3,5.55
9.31,5.55
9.32,5.55
9.33,5.55
9.34,5.55
9.35,5.55
9.36,5.55
9.37,5.55
9.38,5.55
9.39,5.55
9.4,5.56
9.41,5.56
9.42,5.56
9.43,5.56
9.44,5.56
9.45,5.56
9.46,5.56
9.47,5.56
9.48,5.56
9.49,5.56
9.5,5.56
9.51,5.56
9.52,5.56
9.53,5.56
9.54,5.57
9.55,5.57
9.56,5.57
9.57,5.57
9.58,5.57
9.59,5.57
9.6,5.57
9.61,5.57
9.62,5.57
9.63,5.57
9.64,5.57
9.65,5.57
9.66,5.57
9.67,5.58
9.68,5.58
9.69,5.58
9.7,5.58
9.71,5.58
9.72,5.58
9.73,5.58
9.74,5.58
9.75,5.58
9.76,5.58
9.77,5.58
9.78,5.58
9.79,5.58
9.8,5.58
9.81,5.59
9.82,5.59
9.83,5.59
9.84,5.59
9.85,5.59
9.86,5.59
9.87,5.59
9.88,5.59
9.89,5.59
9.9,5.59
9.91,5.59
9.92,5.59
9.93,5.59
9.94,5.6
9.95,5.6
9.96,5.6
9.97,5.6
9.98,5.6
9.99,5.6
10,5.6
10.01,5.6
10.02,5.6
10.03,5.6
10.04,5.6
10.05,5.6
10.06,5.6
10.07,5.6
10.08,5.6
10.09,5.6
10.1,5.6
10.11,5.61
10.12,5.61
10.13,5.61
10.14,5.61
10.15,5.61
10.16,5.61
10.17,5.61
10.18,5.61
10.19,5.61
10.2,5.61
10.21,5.61
10.22,5.61
10.23,5.61
10.24,5.61
10.25,5.61
10.26,5.61
10.27,5.61
10.28,5.61
10.29,5.61
10.3,5.62
10.31,5.62
10.32,5.62
10.33,5.62
10.34,5.62
10.35,5.62
10.36,5.62
10.37,5.62
10.38,5.62
10.39,5.62
10.4,5.62
10.41,5.62
10.42,5.62
10.43,5.62
10.44,5.62
10.45,5.62
10.46,5.62
10.47,5.62
10.48,5.62
10.49,5.62
10.5,5.62
10.51,5.63
10.52,5.63
10.53,5.63
10.54,5.63
10.55,5.63
10.56,5.63
10.57,5.63
10.58,5.63
10.59,5.63
10.6,5.63
10.61,5.63
10.62,5.63
10.63,5.63
10.64,5.63
10.65,5.63
10.66,5.63
10.67,5.63
10.68,5.63
10.69,5.63
10.7,5.64
10.71,5.64
10.72,5.64
10.73,5.64
10.74,5.64
10.75,5.64
10.76,5.64
10.77,5.64
10.78,5.64
10.79,5.64
10.8,5.64
10.81,5.64
10.82,5.64
10.83,5.64
10.84,5.64
10.85,5.64
10.86,5.64
10.87,5.64
10.88,5.64
10.89,5.64
10.9,5.64
10.91,5.65
10.92,5.65
10.93,5.65
10.94,5.65
10.95,5.65
10.96,5.65
10.97,5.65
10.98,5.65
10.99,5.65
11,5.65
11.01,5.65
11.02,5.65
11.03,5.65
11.04,5.65
11.05,5.65
11.06,5.65
11.07,5.65
11.08,5.65
11.09,5.65
11.1,5.66
11.11,5.66
11.12,5.66
11.13,5.66
11.14,5.66
11.15,5.66
11.16,5.66
11.17,5.66
11.18,5.66
11.19,5.66
11.2,5.66
11.21,5.66
11.22,5.66
11.23,5.66
11.24,5.66
11.25,5.66
11.26,5.66
11.27,5.66
11.28,5.66
11.29,5.66
11.3,5.66
11.31,5.67
11.32,5.67
11.33,5.67
11.34,5.67
11.35,5.67
11.36,5.67
11.37,5.67
11.38,5.67
11.39,5.67
11.4,5.67
11.41,5.67
11.42,5.67
11.43,5.67
11.44,5.67
11.45,5.67
11.46,5.67
11.47,5.67
11.48,5.67
11.49,5.67
11.5,5.68
11.51,5.68
11.52,5.68
11.53,5.68
11.54,5.68
11.55,5.68
11.56,5.68
11.57,5.68
11.58,5.68
11.59,5.68
11.6,5.68
11.61,5.68
11.62,5.68
11.63,5.68
11.64,5.68
11.65,5.68
11.66,5.68
11.67,5.68
11.68,5.68
11.69,5.68
11.7,5.68
11.71,5.69
11.72,5.69
11.73,5.69
11.74,5.69
11.75,5.69
11.76,5.69
11.77,5.69
11.78,5.69
11.79,5.69
11.8,5.69
11.81,5.69
11.82,5.69
11.83,5.69
11.84,5.69
11.85,5.69
11.86,5.69
11.87,5.69
11.88,5.69
11.89,5.69
11.9,5.7
11.91,5.7
11.92,5.7
11.93,5.7
11.94,5.7
11.95,5.7
11.96,5.7
11.97,5.7
11.98,5.7
11.99,5.7
12,5.7
12.01,5.7
12.02,5.7
12.03,5.7
12.04,5.7
12.05,5.7
12.06,5.7
12.07,5.7
12.08,5.7
12.09,5.7
12.1,5.7
12.11,5.71
12.12,5.71
12.13,5.71
12.14,5.71
12.15,5.71
12.16,5.71
12.17,5.71
12.18,5.71
12.19,5.71
12.2,5.71
12.21,5.71
12.22,5.71
12.23,5.71
12.24,5.71
12.25,5.71
12.26,5.71
12.27,5.71
12.28,5.71
12.29,5.71
12.3,5.72
12.31,5.72
12.32,5.72
12.33,5.72
12.34,5.72
12.35,5.72
12.36,5.72
12.37,5.72
12.38,5.72
12.39,5.72
12.4,5.72
12.41,5.72
12.42,5.72
12.43,5.72
12.44,5.72
12.45,5.72
12.46,5.72
12.47,5.72
12.48,5.72
12.49,5.72
12.5,5.72
12.51,5.73
12.52,5.73
12.53,5.73
12.54,5.73
12.55,5.73
12.56,5.73
12.57,5.73
12.58,5.73
12.59,5.73
12.6,5.73
12.61,5.73
12.62,5.73
12.63,5.73
12.64,5.73
12.65,5.73
12.66,5.73
12.67,5.73
12.68,5.73
12.69,5.73
12.7,5.74
12.71,5.74
12.72,5.74
12.73,5.74
12.74,5.74
12.75,5.74
12.76,5.74
12.77,5.74
12.78,5.74
12.79,5.74
12.8,5.74
12.81,5.74
12.82,5.74
12.83,5.74
12.84,5.74
12.85,5.74
12.86,5.74
12.87,5.74
12.88,5.74
12.89,5.74
12.9,5.74
12.91,5.75
12.92,5.75
12.93,5.75
12.94,5.75
12.95,5.75
12.96,5.75
12.97,5.75
12.98,5.75
12.99,5.75
13,5.75
13.01,5.75
13.02,5.75
13.03,5.75
13.04,5.75
13.05,5.75
13.06,5.75
13.07,5.75
13.08,5.75
13.09,5.75
13.1,5.76
13.11,5.76
13.12,5.76
13.13,5.76
13.14,5.76
13.15,5.76
13.16,5.76
13.17,5.76
13.18,5.76
13.19,5.76
13.2,5.76
13.21,5.76
13.22,5.76
13.23,5.76
13.24,5.76
13.25,5.76
13.26,5.76
13.27,5.76
13.28,5.76
13.29,5.76
13.3,5.76
13.31,5.77
13.32,5.77
13.33,5.77
13.34,5.77
13.35,5.77
13.36,5.77
13.37,5.77
13.38,5.77
13.39,5.77
13.4,5.77
13.41,5.77
13.42,5.77
13.43,5.77
13.44,5.77
13.45,5.77
13.46,5.77
13.47,5.77
13.48,5.77
13.49,5.77
13.5,5.78
13.51,5.78
13.52,5.78
13.53,5.78
13.54,5.78
13.55,5.78
13.56,5.78
13.57,5.78
13.58,5.78
13.59,5.78
13.6,5.78
13.61,5.78
13.62,5.78
13.63,5.78
13.64,5.78
13.65,5.78
13.66,5.78
13.67,5.78
13.68,5.78
13.69,5.78
13.7,5.78
13.71,5.79
13.72,5.79
13.73,5.79
13.74,5.79
13.75,5.79
13.76,5.79
13.77,5.79
13.78,5.79
13.79,5.79
13.8,5.79
13.81,5.79
13.82,5.79
13.83,5.79
13.84,5.79
13.85,5.79
13.86,5.79
13.87,5.79
13.88,5.79
13.89,5.79
13.9,5.8
13.91,5.8
13.92,5.8
13.93,5.8
13.94,5.8
13.95,5.8
13.96,5.8
13.97,5.8
13.98,5.8
13.99,5.8
14,5.8
14.01,5.8
14.02,5.8
14.03,5.8
14.04,5.8
14.05,5.8
14.06,5.8
14.07,5.8
14.08,5.8
14.09,5.8
14.1,5.8
14.11,5.8
14.12,5.8
14.13,5.8
14.14,5.8
14.15,5.8
14.16,5.8
14.17,5.8
14.18,5.8
14.19,5.8
14.2,5.8
14.21,5.81
14.22,5.81
14.23,5.81
14.24,5.81
14.25,5.81
14.26,5.81
14.27,5.81
14.28,5.81
14.29,5.81
14.3,5.81
14.31,5.81
14.32,5.81
14.33,5.81
14.34,5.81
14.35,5.81
14.36,5.81
14.37,5.81
14.38,5.81
14.39,5.81
14.4,5.81
14.41,5.81
14.42,5.81
14.43,5.81
14.44,5.81
14.45,5.81
14.46,5.81
14.47,5.81
14.48,5.81
14.49,5.81
14.5,5.81
14.51,5.81
14.52,5.81
14.53,5.81
14.54,5.81
14.55,5.81
14.56,5.81
14.57,5.81
14.58,5.81
14.59,5.81
14.6,5.82
14.61,5.82
14.62,5.82
14.63,5.82
14.64,5.82
14.65,5.82
14.66,5.82
14.67,5.82
14.68,5.82
14.69,5.82
14.7,5.82
14.71,5.82
14.72,5.82
14.73,5.82
14.74,5.82
14.75,5.82
14.76,5.82
14.77,5.82
14.78,5.82
14.79,5.82
14.8,5.82
14.81,5.82
14.82,5.82
14.83,5.82
14.84,5.82
14.85,5.82
14.86,5.82
14.87,5.82
14.88,5.82
14.89,5.82
14.9,5.82
14.91,5.82
14.92,5.82
14.93,5.82
14.94,5.82
14.95,5.82
14.96,5.82
14.97,5.82
14.98,5.82
14.99,5.82
15,5.82
15.01,5.83
15.02,5.83
15.03,5.83
15.04,5.83
15.05,5.83
15.06,5.83
15.07,5.83
15.08,5.83
15.09,5.83
15.1,5.83
15.11,5.83
15.12,5.83
15.13,5.83
15.14,5.83
15.15,5.83
15.16,5.83
15.17,5.83
15.18,5.83
15.19,5.83
15.2,5.83
15.21,5.83
15.22,5.83
15.23,5.83
15.24,5.83
15.25,5.83
15.26,5.83
15.27,5.83
15.28,5.83
15.29,5.83
15.3,5.83
15.31,5.83
15.32,5.83
15.33,5.83
15.34,5.83
15.35,5.83
15.36,5.83
15.37,5.83
15.38,5.83
15.39,5.83
15.4,5.84
15.41,5.84
15.42,5.84
15.43,5.84
15.44,5.84
15.45,5.84
15.46,5.84
15.47,5.84
15.48,5.84
15.49,5.84
15.5,5.84
15.51,5.84
15.52,5.84
15.53,5.84
15.54,5.84
15.55,5.84
15.56,5.84
15.57,5.84
15.58,5.84
15.59,5.84
15.6,5.84
15.61,5.84
15.62,5.84
15.63,5.84
15.64,5.84
15.65,5.84
15.66,5.84
15.67,5.84
15.68,5.84
15.69,5.84
15.7,5.84
15.71,5.84
15.72,5.84
15.73,5.84
15.74,5.84
15.75,5.84
15.76,5.84
15.77,5.84
15.78,5.84
15.79,5.84
15.8,5.84
15.81,5.85
15.82,5.85
15.83,5.85
15.84,5.85
15.85,5.85
15.86,5.85
15.87,5.85
15.88,5.85
15.89,5.85
15.9,5.85
15.91,5.85
15.92,5.85
15.93,5.85
15.94,5.85
15.95,5.85
15.96,5.85
15.97,5.85
15.98,5.85
15.99,5.85
16,5.85
16.01,5.85
16.02,5.85
16.03,5.85
16.04,5.85
16.05,5.85
16.06,5.85
16.07,5.85
16.08,5.85
16.09,5.85
16.1,5.85
16.11,5.85
16.12,5.85
16.13,5.85
16.14,5.85
16.15,5.85
16.16,5.85
16.17,5.85
16.18,5.85
16.19,5.85
16.2,5.85
16.21,5.85
16.22,5.85
16.23,5.85
16.24,5.85
16.25,5.85
16.26,5.85
16.27,5.85
16.28,5.85
16.29,5.85
16.3,5.85
16.31,5.85
16.32,5.85
16.33,5.85
16.34,5.85
16.35,5.85
16.36,5.85
16.37,5.85
16.38,5.85
16.39,5.85
16.4,5.85
16.41,5.85
16.42,5.85
16.43,5.85
16.44,5.85
16.45,5.85
16.46,5.85
16.47,5.85
16.48,5.85
16.49,5.85
16.5,5.85
16.51,5.85
16.52,5.85
16.53,5.85
16.54,5.85
16.55,5.85
16.56,5.85
16.57,5.85
16.58,5.85
16.59,5.85
16.6,5.85
16.61,5.85
16.62,5.85
16.63,5.85
16.64,5.85
16.65,5.85
16.66,5.85
16.67,5.85
16.68,5.85
16.69,5.85
16.7,5.85
16.71,5.85
16.72,5.85
16.73,5.85
16.74,5.85
16.75,5.85
16.76,5.85
16.77,5.85
16.78,5.85
16.79,5.85
16.8,5.85
16.81,5.85
16.82,5.85
16.83,5.85
16.84,5.85
16.85,5.85
16.86,5.85
16.87,5.85
16.88,5.85
16.89,5.85
16.9,5.85
16.91,5.85
16.92,5.85
16.93,5.85
16.94,5.85
16.95,5.85
16.96,5.85
16.97,5.85
16.98,5.85
16.99,5.85
17,5.85
17.01,5.85
17.02,5.85
17.03,5.85
17.04,5.85
17.05,5.85
17.06,5.85
17.07,5.85
17.08,5.85
17.09,5.85
17.1,5.85
17.11,5.85
17.12,5.85
17.13,5.85
17.14,5.85
17.15,5.85
17.16,5.85
17.17,5.85
17.18,5.85
17.19,5.85
17.2,5.85
17.21,5.85
17.22,5.85
17.23,5.85
17.24,5.85
17.25,5.85
17.26,5.85
17.27,5.85
17.28,5.85
17.29,5.85
17.3,5.85
17.31,5.85
17.32,5.85
17.33,5.85
17.34,5.85
17.35,5.85
17.36,5.85
17.37,5.85
17.38,5.85
17.39,5.85
17.4,5.85
17.41,5.85
17.42,5.85
17.43,5.85
17.44,5.85
17.45,5.85
17.46,5.85
17.47,5.85
17.48,5.85
17.49,5.85
17.5,5.85
17.51,5.85
17.52,5.85
17.53,5.85
17.54,5.85
17.55,5.85
17.56,5.85
17.57,5.85
17.58,5.85
17.59,5.85
17.6,5.85
17.61,5.85
17.62,5.85
17.63,5.85
17.64,5.85
17.65,5.85
17.66,5.85
17.67,5.85
17.68,5.85
17.69,5.85
17.7,5.85
17.71,5.85
17.72,5.85
17.73,5.85
17.74,5.85
17.75,5.85
17.76,5.85
17.77,5.85
17.78,5.85
17.79,5.85
17.8,5.85
17.81,5.85
17.82,5.85
17.83,5.85
17.84,5.85
17.85,5.85
17.86,5.85
17.87,5.85
17.88,5.85
17.89,5.85
17.9,5.85
17.91,5.85
17.92,5.85
17.93,5.85
17.94,5.85
17.95,5.85
17.96,5.85
17.97,5.85
17.98,5.85
17.99,5.85
18,5.85
18.01,5.85
18.02,5.85
18.03,5.85
18.04,5.85
18.05,5.85
18.06,5.85
18.07,5.85
18.08,5.85
18.09,5.85
18.1,5.85
18.11,5.85
18.12,5.85
18.13,5.85
18.14,5.85
18.15,5.85
18.16,5.85
18.17,5.85
18.18,5.85
18.19,5.85
18.2,5.84
18.21,5.84
18.22,5.84
18.23,5.84
18.24,5.84
18.25,5.84
18.26,5.84
18.27,5.84
18.28,5.84
18.29,5.84
18.3,5.84
18.31,5.84
18.32,5.84
18.33,5.84
18.34,5.84
18.35,5.84
18.36,5.84
18.37,5.84
18.38,5.84
18.39,5.84
18.4,5.84
18.41,5.84
18.42,5.84
18.43,5.84
18.44,5.84
18.45,5.84
18.46,5.84
18.47,5.84
18.48,5.84
18.49,5.84
18.5,5.84
18.51,5.84
18.52,5.84
18.53,5.84
18.54,5.84
18.55,5.84
18.56,5.84
18.57,5.84
18.58,5.84
18.59,5.84
18.6,5.84
18.61,5.83
18.62,5.83
18.63,5.83
18.64,5.83
18.65,5.83
18.66,5.83
18.67,5.83
18.68,5.83
18.69,5.83
18.7,5.83
18.71,5.83
18.72,5.83
18.73,5.83
18.74,5.83
18.75,5.83
18.76,5.83
18.77,5.83
18.78,5.83
18.79,5.83
18.8,5.83
18.81,5.83
18.82,5.83
18.83,5.83
18.84,5.83
18.85,5.83
18.86,5.83
18.87,5.83
18.88,5.83
18.89,5.83
18.9,5.83
18.91,5.83
18.92,5.83
18.93,5.83
18.94,5.83
18.95,5.83
18.96,5.83
18.97,5.83
18.98,5.83
18.99,5.83
19,5.82
19.01,5.82
19.02,5.82
19.03,5.82
19.04,5.82
19.05,5.82
19.06,5.82
19.07,5.82
19.08,5.82
19.09,5.82
19.1,5.82
19.11,5.82
19.12,5.82
19.13,5.82
19.14,5.82
19.15,5.82
19.16,5.82
19.17,5.82
19.18,5.82
19.19,5.82
19.2,5.82
19.21,5.82
19.22,5.82
19.23,5.82
19.24,5.82
19.25,5.82
19.26,5.82
19.27,5.82
19.28,5.82
19.29,5.82
19.3,5.82
19.31,5.82
19.32,5.82
19.33,5.82
19.34,5.82
19.35,5.82
19.36,5.82
19.37,5.82
19.38,5.82
19.39,5.82
19.4,5.82
19.41,5.81
19.42,5.81
19.43,5.81
19.44,5.81
19.45,5.81
19.46,5.81
19.47,5.81
19.48,5.81
19.49,5.81
19.5,5.81
19.51,5.81
19.52,5.81
19.53,5.81
19.54,5.81
19.55,5.81
19.56,5.81
19.57,5.81
19.58,5.81
19.59,5.81
19.6,5.81
19.61,5.81
19.62,5.81
19.63,5.81
19.64,5.81
19.65,5.81
19.66,5.81
19.67,5.81
19.68,5.81
19.69,5.81
19.7,5.81
19.71,5.81
19.72,5.81
19.73,5.81
19.74,5.81
19.75,5.81
19.76,5.81
19.77,5.81
19.78,5.81
19.79,5.81
19.8,5.8
19.81,5.8
19.82,5.8
19.83,5.8
19.84,5.8
19.85,5.8
19.86,5.8
19.87,5.8
19.88,5.8
19.89,5.8
19.9,5.8
19.91,5.8
19.92,5.8
19.93,5.8
19.94,5.8
19.95,5.8
19.96,5.8
19.97,5.8
19.98,5.8
19.99,5.8
20,5.8
20.01,5.8
20.02,5.8
20.03,5.8
20.04,5.8
20.05,5.8
20.06,5.8
20.07,5.8
20.08,5.8
20.09,5.8
20.1,5.8
20.11,5.79
20.12,5.79
20.13,5.79
20.14,5.79
20.15,5.79
20.16,5.79
20.17,5.79
20.18,5.79
20.19,5.79
20.2,5.79
20.21,5.79
20.22,5.79
20.23,5.79
20.24,5.79
20.25,5.79
20.26,5.79
20.27,5.79
20.28,5.79
20.29,5.79
20.3,5.78
20.31,5.78
20.32,5.78
20.33,5.78
20.34,5.78
20.35,5.78
20.36,5.78
20.37,5.78
20.38,5.78
20.39,5.78
20.4,5.78
20.41,5.78
20.42,5.78
20.43,5.78
20.44,5.78
20.45,5.78
20.46,5.78
20.47,5.78
20.48,5.78
20.49,5.78
20.5,5.78
20.51,5.77
20.52,5.77
20.53,5.77
20.54,5.77
20.55,5.77
20.56,5.77
20.57,5.77
20.58,5.77
20.59,5.77
20.6,5.77
20.61,5.77
20.62,5.77
20.63,5.77
20.64,5.77
20.65,5.77
20.66,5.77
20.67,5.77
20.68,5.77
20.69,5.77
20.7,5.76
20.71,5.76
20.72,5.76
20.73,5.76
20.74,5.76
20.75,5.76
20.76,5.76
20.77,5.76
20.78,5.76
20.79,5.76
20.8,5.76
20.81,5.76
20.82,5.76
20.83,5.76
20.84,5.76
20.85,5.76
20.86,5.76
20.87,5.76
20.88,5.76
20.89,5.76
20.9,5.76
20.91,5.75
20.92,5.75
20.93,5.75
20.94,5.75
20.95,5.75
20.96,5.75
20.97,5.75
20.98,5.75
20.99,5.75
21,5.75
21.01,5.75
21.02,5.75
21.03,5.75
21.04,5.75
21.05,5.75
21.06,5.75
21.07,5.75
21.08,5.75
21.09,5.75
21.1,5.74
21.11,5.74
21.12,5.74
21.13,5.74
21.14,5.74
21.15,5.74
21.16,5.74
21.17,5.74
21.18,5.74
21.19,5.74
21.2,5.74
21.21,5.74
21.22,5.74
21.23,5.74
21.24,5.74
21.25,5.74
21.26,5.74
21.27,5.74
21.28,5.74
21.29,5.74
21.3,5.74
21.31,5.73
21.32,5.73
21.33,5.73
21.34,5.73
21.35,5.73
21.36,5.73
21.37,5.73
21.38,5.73
21.39,5.73
21.4,5.73
21.41,5.73
21.42,5.73
21.43,5.73
21.44,5.73
21.45,5.73
21.46,5.73
21.47,5.73
21.48,5.73
21.49,5.73
21.5,5.72
21.51,5.72
21.52,5.72
21.53,5.72
21.54,5.72
21.55,5.72
21.56,5.72
21.57,5.72
21.58,5.72
21.59,5.72
21.6,5.72
21.61,5.72
21.62,5.72
21.63,5.72
21.64,5.72
21.65,5.72
21.66,5.72
21.67,5.72
21.68,5.72
21.69,5.72
21.7,5.72
21.71,5.71
21.72,5.71
21.73,5.71
21.74,5.71
21.75,5.71
21.76,5.71
21.77,5.71
21.78,5.71
21.79,5.71
21.8,5.71
21.81,5.71
21.82,5.71
21.83,5.71
21.84,5.71
21.85,5.71
21.86,5.71
21.87,5.71
21.88,5.71
21.89,5.71
21.9,5.7
21.91,5.7
21.92,5.7
21.93,5.7
21.94,5.7
21.95,5.7
21.96,5.7
21.97,5.7
21.98,5.7
21.99,5.7
22,5.7
22.01,5.7
22.02,5.7
22.03,5.7
22.04,5.7
22.05,5.7
22.06,5.7
22.07,5.7
22.08,5.7
22.09,5.7
22.1,5.7
22.11,5.69
22.12,5.69
22.13,5.69
22.14,5.69
22.15,5.69
22.16,5.69
22.17,5.69
22.18,5.69
22.19,5.69
22.2,5.69
22.21,5.69
22.22,5.69
22.23,5.69
22.24,5.69
22.25,5.69
22.26,5.69
22.27,5.69
22.28,5.69
22.29,5.69
22.3,5.68
22.31,5.68
22.32,5.68
22.33,5.68
22.34,5.68
22.35,5.68
22.36,5.68
22.37,5.68
22.38,5.68
22.39,5.68
22.4,5.68
22.41,5.68
22.42,5.68
22.43,5.68
22.44,5.68
22.45,5.68
22.46,5.68
22.47,5.68
22.48,5.68
22.49,5.68
22.5,5.68
22.51,5.67
22.52,5.67
22.53,5.67
22.54,5.67
22.55,5.67
22.56,5.67
22.57,5.67
22.58,5.67
22.59,5.67
22.6,5.67
22.61,5.67
22.62,5.67
22.63,5.67
22.64,5.67
22.65,5.67
22.66,5.67
22.67,5.67
22.68,5.67
22.69,5.67
22.7,5.66
22.71,5.66
22.72,5.66
22.73,5.66
22.74,5.66
22.75,5.66
22.76,5.66
22.77,5.66
22.78,5.66
22.79,5.66
22.8,5.66
22.81,5.66
22.82,5.66
22.83,5.66
22.84,5.66
22.85,5.66
22.86,5.66
22.87,5.66
22.88,5.66
22.89,5.66
22.9,5.66
22.91,5.65
22.92,5.65
22.93,5.65
22.94,5.65
22.95,5.65
22.96,5.65
22.97,5.65
22.98,5.65
22.99,5.65
23,5.65
23.01,5.65
23.02,5.65
23.03,5.65
23.04,5.65
23.05,5.65
23.06,5.65
23.07,5.65
23.08,5.65
23.09,5.65
23.1,5.64
23.11,5.64
23.12,5.64
23.13,5.64
23.14,5.64
23.15,5.64
23.16,5.64
23.17,5.64
23.18,5.64
23.19,5.64
23.2,5.64
23.21,5.64
23.22,5.64
23.23,5.64
23.24,5.64
23.25,5.64
23.26,5.64
23.27,5.64
23.28,5.64
23.29,5.64
23.3,5.64
23.31,5.63
23.32,5.63
23.33,5.63
23.34,5.63
23.35,5.63
23.36,5.63
23.37,5.63
23.38,5.63
23.39,5.63
23.4,5.63
23.41,5.63
23.42,5.63
23.43,5.63
23.44,5.63
23.45,5.63
23.46,5.63
23.47,5.63
23.48,5.63
23.49,5.63
23.5,5.62
23.51,5.62
23.52,5.62
23.53,5.62
23.54,5.62
23.55,5.62
23.56,5.62
23.57,5.62
23.58,5.62
23.59,5.62
23.6,5.62
23.61,5.62
23.62,5.62
23.63,5.62
23.64,5.62
23.65,5.62
23.66,5.62
23.67,5.62
23.68,5.62
23.69,5.62
23.7,5.62
23.71,5.61
23.72,5.61
23.73,5.61
23.74,5.61
23.75,5.61
23.76,5.61
23.77,5.61
23.78,5.61
23.79,5.61
23.8,5.61
23.81,5.61
23.82,5.61
23.83,5.61
23.84,5.61
23.85,5.61
23.86,5.61
23.87,5.61
23.88,5.61
23.89,5.61
23.9,5.6
23.91,5.6
23.92,5.6
23.93,5.6
23.94,5.6
23.95,5.6
23.96,5.6
23.97,5.6
23.98,5.6
23.99,5.6
24,5.6
24.01,5.6
24.02,5.6
24.03,5.6
24.04,5.6
24.05,5.6
24.06,5.6
24.07,5.6
24.08,5.6
24.09,5.6
24.1,5.6
24.11,5.59
24.12,5.59
24.13,5.59
24.14,5.59
24.15,5.59
24.16,5.59
24.17,5.59
24.18,5.59
24.19,5.59
24.2,5.59
24.21,5.59
24.22,5.59
24.23,5.59
24.24,5.59
24.25,5.59
24.26,5.59
24.27,5.59
24.28,5.59
24.29,5.59
24.3,5.58
24.31,5.58
24.32,5.58
24.33,5.58
24.34,5.58
24.35,5.58
24.36,5.58
24.37,5.58
24.38,5.58
24.39,5.58
24.4,5.58
24.41,5.58
24.42,5.58
24.43,5.58
24.44,5.58
24.45,5.58
24.46,5.58
24.47,5.58
24.48,5.58
24.49,5.58
24.5,5.58
24.51,5.57
24.52,5.57
24.53,5.57
24.54,5.57
24.55,5.57
24.56,5.57
24.57,5.57
24.58,5.57
24.59,5.57
24.6,5.57
24.61,5.57
24.62,5.57
24.63,5.57
24.64,5.57
24.65,5.57
24.66,5.57
24.67,5.57
24.68,5.57
24.69,5.57
24.7,5.56
24.71,5.56
24.72,5.56
24.73,5.56
24.74,5.56
24.75,5.56
24.76,5.56
24.77,5.56
24.78,5.56
24.79,5.56
24.8,5.56
24.81,5.56
24.82,5.56
24.83,5.56
24.84,5.56
24.85,5.56
24.86,5.56
24.87,5.56
24.88,5.56
24.89,5.56
24.9,5.56
24.91,5.55
24.92,5.55
24.93,5.55
24.94,5.55
24.95,5.55
24.96,5.55
24.97,5.55
24.98,5.55
24.99,5.55
25,5.55
25.01,5.55
25.02,5.55
25.03,5.55
25.04,5.55
25.05,5.55
25.06,5.55
25.07,5.55
25.08,5.55
25.09,5.55
25.1,5.54
25.11,5.54
25.12,5.54
25.13,5.54
25.14,5.54
25.15,5.54
25.16,5.54
25.17,5.54
25.18,5.54
25.19,5.54
25.2,5.54
25.21,5.54
25.22,5.54
25.23,5.54
25.24,5.54
25.25,5.54
25.26,5.54
25.27,5.54
25.28,5.54
25.29,5.54
25.3,5.54
25.31,5.53
25.32,5.53
25.33,5.53
25.34,5.53
25.35,5.53
25.36,5.53
25.37,5.53
25.38,5.53
25.39,5.53
25.4,5.53
25.41,5.53
25.42,5.53
25.43,5.53
25.44,5.53
25.45,5.53
25.46,5.53
25.47,5.53
25.48,5.53
25.49,5.53
25.5,5.52
25.51,5.52
25.52,5.52
25.53,5.52
25.54,5.52
25.55,5.52
25.56,5.52
25.57,5.52
25.58,5.52
25.59,5.52
25.6,5.52
25.61,5.52
25.62,5.52
25.63,5.52
25.64,5.52
25.65,5.52
25.66,5.52
25.67,5.52
25.68,5.52
25.69,5.52
25.7,5.52
25.71,5.51
25.72,5.51
25.73,5.51
25.74,5.51
25.75,5.51
25.76,5.51
25.77,5.51
25.78,5.51
25.79,5.51
25.8,5.51
25.81,5.51
25.82,5.51
25.83,5.51
25.84,5.51
25.85,5.51
25.86,5.51
25.87,5.51
25.88,5.51
25.89,5.51
25.9,5.5
25.91,5.5
25.92,5.5
25.93,5.5
25.94,5.5
25.95,5.5
25.96,5.5
25.97,5.5
25.98,5.5
25.99,5.5
26,5.5
26.01,5.5
26.02,5.5
26.03,5.5
26.04,5.5
26.05,5.5
26.06,5.5
26.07,5.5
26.08,5.5
26.09,5.5
26.1,5.49
26.11,5.49
26.12,5.49
26.13,5.49
26.14,5.49
26.15,5.49
26.16,5.49
26.17,5.49
26.18,5.49
26.19,5.49
26.2,5.49
26.21,5.49
26.22,5.49
26.23,5.49
26.24,5.49
26.25,5.49
26.26,5.49
26.27,5.49
26.28,5.49
26.29,5.49
26.3,5.48
26.31,5.48
26.32,5.48
26.33,5.48
26.34,5.48
26.35,5.48
26.36,5.48
26.37,5.48
26.38,5.48
26.39,5.48
26.4,5.48
26.41,5.48
26.42,5.48
26.43,5.48
26.44,5.48
26.45,5.48
26.46,5.48
26.47,5.48
26.48,5.48
26.49,5.48
26.5,5.47
26.51,5.47
26.52,5.47
26.53,5.47
26.54,5.47
26.55,5.47
26.56,5.47
26.57,5.47
26.58,5.47
26.59,5.47
26.6,5.47
26.61,5.47
26.62,5.47
26.63,5.47
26.64,5.47
26.65,5.47
26.66,5.47
26.67,5.47
26.68,5.47
26.69,5.47
26.7,5.46
26.71,5.46
26.72,5.46
26.73,5.46
26.74,5.46
26.75,5.46
26.76,5.46
26.77,5.46
26.78,5.46
26.79,5.46
26.8,5.46
26.81,5.46
26.82,5.46
26.83,5.46
26.84,5.46
26.85,5.46
26.86,5.46
26.87,5.46
26.88,5.46
26.89,5.46
26.9,5.45
26.91,5.45
26.92,5.45
26.93,5.45
26.94,5.45
26.95,5.45
26.96,5.45
26.97,5.45
26.98,5.45
26.99,5.45
27,5.45
27.01,5.45
27.02,5.45
27.03,5.45
27.04,5.45
27.05,5.45
27.06,5.45
27.07,5.45
27.08,5.45
27.09,5.45
27.1,5.44
27.11,5.44
27.12,5.44
27.13,5.44
27.14,5.44
27.15,5.44
27.16,5.44
27.17,5.44
27.18,5.44
27.19,5.44
27.2,5.44
27.21,5.44
27.22,5.44
27.23,5.44
27.24,5.44
27.25,5.44
27.26,5.44
27.27,5.44
27.28,5.44
27.29,5.44
27.3,5.43
27.31,5.43
27.32,5.43
27.33,5.43
27.34,5.43
27.35,5.43
27.36,5.43
27.37,5.43
27.38,5.43
27.39,5.43
27.4,5.43
27.41,5.43
27.42,5.43
27.43,5.43
27.44,5.43
27.45,5.43
27.46,5.43
27.47,5.43
27.48,5.43
27.49,5.43
27.5,5.42
27.51,5.42
27.52,5.42
27.53,5.42
27.54,5.42
27.55,5.42
27.56,5.42
27.57,5.42
27.58,5.42
27.59,5.42
27.6,5.42
27.61,5.42
27.62,5.42
27.63,5.42
27.64,5.42
27.65,5.42
27.66,5.42
27.67,5.42
27.68,5.42
27.69,5.42
27.7,5.41
27.71,5.41
27.72,5.41
27.73,5.41
27.74,5.41
27.75,5.41
27.76,5.41
27.77,5.41
27.78,5.41
27.79,5.41
27.8,5.41
27.81,5.41
27.82,5.41
27.83,5.41
27.84,5.41
27.85,5.41
27.86,5.41
27.87,5.41
27.88,5.41
27.89,5.41
27.9,5.4
27.91,5.4
27.92,5.4
27.93,5.4
27.94,5.4
27.95,5.4
27.96,5.4
27.97,5.4
27.98,5.4
27.99,5.4
28,5.4
28.01,5.4
28.02,5.4
28.03,5.4
28.04,5.4
28.05,5.4
28.06,5.4
28.07,5.4
28.08,5.4
28.09,5.4
28.1,5.4
28.11,5.4
28.12,5.4
28.13,5.4
28.14,5.4
28.15,5.4
28.16,5.4
28.17,5.4
28.18,5.4
28.19,5.4
28.2,5.4
28.21,5.4
28.22,5.4
28.23,5.4
28.24,5.4
28.25,5.4
28.26,5.4
28.27,5.4
28.28,5.4
28.29,5.4
28.3,5.4
28.31,5.4
28.32,5.4
28.33,5.4
28.34,5.4
28.35,5.4
28.36,5.4
28.37,5.4
28.38,5.4
28.39,5.4
28.4,5.4
28.41,5.4
28.42,5.4
28.43,5.4
28.44,5.4
28.45,5.4
28.46,5.4
28.47,5.4
28.48,5.4
28.49,5.4
28.5,5.4
28.51,5.4
28.52,5.4
28.53,5.4
28.54,5.4
28.55,5.4
28.56,5.4
28.57,5.4
28.58,5.4
28.59,5.4
28.6,5.4
28.61,5.4
28.62,5.4
28.63,5.4
28.64,5.4
28.65,5.4
28.66,5.4
28.67,5.4
28.68,5.4
28.69,5.4
28.7,5.4
28.71,5.4
28.72,5.4
28.73,5.4
28.74,5.4
28.75,5.4
28.76,5.4
28.77,5.4
28.78,5.4
28.79,5.4
28.8,5.4
28.81,5.4
28.82,5.4
28.83,5.4
28.84,5.4
28.85,5.4
28.86,5.4
28.87,5.4
28.88,5.4
28.89,5.4
28.9,5.4
28.91,5.4
28.92,5.4
28.93,5.4
28.94,5.4
28.95,5.4
28.96,5.4
28.97,5.4
28.98,5.4
28.99,5.4
29,5.4
29.01,5.4
29.02,5.4
29.03,5.4
29.04,5.4
29.05,5.4
29.06,5.4
29.07,5.4
29.08,5.4
29.09,5.4
29.1,5.4
29.11,5.4
29.12,5.4
29.13,5.4
29.14,5.4
29.15,5.4
29.16,5.4
29.17,5.4
29.18,5.4
29.19,5.4
29.2,5.4
29.21,5.4
29.22,5.4
29.23,5.4
29.24,5.4
29.25,5.4
29.26,5.4
29.27,5.4
29.28,5.4
29.29,5.4
29.3,5.4
29.31,5.4
29.32,5.4
29.33,5.4
29.34,5.4
29.35,5.4
29.36,5.4
29.37,5.4
29.38,5.4
29.39,5.4
29.4,5.4
29.41,5.4
29.42,5.4
29.43,5.4
29.44,5.4
29.45,5.4
29.46,5.4
29.47,5.4
29.48,5.4
29.49,5.4
29.5,5.4
29.51,5.4
29.52,5.4
29.53,5.4
29.54,5.4
29.55,5.4
29.56,5.4
29.57,5.4
29.58,5.4
29.59,5.4
29.6,5.4
29.61,5.4
29.62,5.4
29.63,5.4
29.64,5.4
29.65,5.4
29.66,5.4
29.67,5.4
29.68,5.4
29.69,5.4
29.7,5.4
29.71,5.4
29.72,5.4
29.73,5.4
29.74,5.4
29.75,5.4
29.76,5.4
29.77,5.4
29.78,5.4
29.79,5.4
29.8,5.4
29.81,5.4
29.82,5.4
29.83,5.4
29.84,5.4
29.85,5.4
29.86,5.4
29.87,5.4
29.88,5.4
29.89,5.4
29.9,5.4
29.91,5.4
29.92,5.4
29.93,5.4
29.94,5.4
29.95,5.4
29.96,5.4
29.97,5.4
29.98,5.4
29.99,5.4
30,5.4
30.01,5.4
30.02,5.4
30.03,5.4
30.04,5.4
30.05,5.4
30.06,5.4
30.07,5.4
30.08,5.4
30.09,5.4
30.1,5.4
30.11,5.4
30.12,5.4
30.13,5.4
30.14,5.4
30.15,5.4
30.16,5.4
30.17,5.4
30.18,5.4
30.19,5.4
30.2,5.4
30.21,5.4
30.22,5.4
30.23,5.4
30.24,5.4
30.25,5.4
30.26,5.4
30.27,5.4
30.28,5.4
30.29,5.4
30.3,5.4
30.31,5.4
30.32,5.4
30.33,5.4
30.34,5.4
30.35,5.4
30.36,5.4
30.37,5.4
30.38,5.4
30.39,5.4
30.4,5.4
30.41,5.4
30.42,5.4
30.43,5.4
30.44,5.4
30.45,5.4
30.46,5.4
30.47,5.4
30.48,5.4
30.49,5.4
30.5,5.4
30.51,5.4
30.52,5.4
30.53,5.4
30.54,5.4
30.55,5.4
30.56,5.4
30.57,5.4
30.58,5.4
30.59,5.4
30.6,5.4
30.61,5.4
30.62,5.4
30.63,5.4
30.64,5.4
30.65,5.4
30.66,5.4
30.67,5.4
30.68,5.4
30.69,5.4
30.7,5.4
30.71,5.4
30.72,5.4
30.73,5.4
30.74,5.4
30.75,5.4
30.76,5.4
30.77,5.4
30.78,5.4
30.79,5.4
30.8,5.4
30.81,5.4
30.82,5.4
30.83,5.4
30.84,5.4
30.85,5.4
30.86,5.4
30.87,5.4
30.88,5.4
30.89,5.4
30.9,5.4
30.91,5.4
30.92,5.4
30.93,5.4
30.94,5.4
30.95,5.4
30.96,5.4
30.97,5.4
30.98,5.4
30.99,5.4
31,5.4
31.01,5.4
31.02,5.4
31.03,5.4
31.04,5.4
31.05,5.4
31.06,5.4
31.07,5.4
31.08,5.4
31.09,5.4
31.1,5.4
31.11,5.4
31.12,5.4
31.13,5.4
31.14,5.4
31.15,5.4
31.16,5.4
31.17,5.4
31.18,5.4
31.19,5.4
31.2,5.4
31.21,5.4
31.22,5.4
31.23,5.4
31.24,5.4
31.25,5.4
31.26,5.4
31.27,5.4
31.28,5.4
31.29,5.4
31.3,5.4
31.31,5.4
31.32,5.4
31.33,5.4
31.34,5.4
31.35,5.4
31.36,5.4
31.37,5.4
31.38,5.4
31.39,5.4
31.4,5.4
31.41,5.4
31.42,5.4
31.43,5.4
31.44,5.4
31.45,5.4
31.46,5.4
31.47,5.4
31.48,5.4
31.49,5.4
31.5,5.4
31.51,5.4
31.52,5.4
31.53,5.4
31.54,5.4
31.55,5.4
31.56,5.4
31.57,5.4
31.58,5.4
31.59,5.4
31.6,5.4
31.61,5.4
31.62,5.4
31.63,5.4
31.64,5.4
31.65,5.4
31.66,5.4
31.67,5.4
31.68,5.4
31.69,5.4
31.7,5.4
31.71,5.4
31.72,5.4
31.73,5.4
31.74,5.4
31.75,5.4
31.76,5.4
31.77,5.4
31.78,5.4
31.79,5.4
31.8,5.4
31.81,5.4
31.82,5.4
31.83,5.4
31.84,5.4
31.85,5.4
31.86,5.4
31.87,5.4
31.88,5.4
31.89,5.4
31.9,5.4
31.91,5.4
31.92,5.4
31.93,5.4
31.94,5.4
31.95,5.4
31.96,5.4
31.97,5.4
31.98,5.4
31.99,5.4
32,5.4
32.01,5.4
32.02,5.4
32.03,5.4
32.04,5.4
32.05,5.4
32.06,5.4
32.07,5.4
32.08,5.4
32.09,5.4
32.1,5.41
32.11,5.41
32.12,5.41
32.13,5.41
32.14,5.41
32.15,5.41
32.16,5.41
32.17,5.41
32.18,5.41
32.19,5.41
32.2,5.41
32.21,5.41
32.22,5.41
32.23,5.41
32.24,5.41
32.25,5.41
32.26,5.41
32.27,5.41
32.28,5.41
32.29,5.41
32.3,5.42
32.31,5.42
32.32,5.42
32.33,5.42
32.34,5.42
32.35,5.42
32.36,5.42
32.37,5.42
32.38,5.42
32.39,5.42
32.4,5.42
32.41,5.42
32.42,5.42
32.43,5.42
32.44,5.42
32.45,5.42
32.46,5.42
32.47,5.42
32.48,5.42
32.49,5.42
32.5,5.43
32.51,5.43
32.52,5.43
32.53,5.43
32.54,5.43
32.55,5.43
32.56,5.43
32.57,5.43
32.58,5.43
32.59,5.43
32.6,5.43
32.61,5.43
32.62,5.43
32.63,5.43
32.64,5.43
32.65,5.43
32.66,5.43
32.67,5.43
32.68,5.43
32.69,5.43
32.7,5.44
32.71,5.44
32.72,5.44
32.73,5.44
32.74,5.44
32.75,5.44
32.76,5.44
32.77,5.44
32.78,5.44
32.79,5.44
32.8,5.44
32.81,5.44
32.82,5.44
32.83,5.44
32.84,5.44
32.85,5.44
32.86,5.44
32.87,5.44
32.88,5.44
32.89,5.44
32.9,5.45
32.91,5.45
32.92,5.45
32.93,5.45
32.94,5.45
32.95,5.45
32.96,5.45
32.97,5.45
32.98,5.45
32.99,5.45
33,5.45
33.01,5.45
33.02,5.45
33.03,5.45
33.04,5.45
33.05,5.45
33.06,5.45
33.07,5.45
33.08,5.45
33.09,5.45
33.1,5.46
33.11,5.46
33.12,5.46
33.13,5.46
33.14,5.46
33.15,5.46
33.16,5.46
33.17,5.46
33.18,5.46
33.19,5.46
33.2,5.46
33.21,5.46
33.22,5.46
33.23,5.46
33.24,5.46
33.25,5.46
33.26,5.46
33.27,5.46
33.28,5.46
33.29,5.46
33.3,5.47
33.31,5.47
33.32,5.47
33.33,5.47
33.34,5.47
33.35,5.47
33.36,5.47
33.37,5.47
33.38,5.47
33.39,5.47
33.4,5.47
33.41,5.47
33.42,5.47
33.43,5.47
33.44,5.47
33.45,5.47
33.46,5.47
33.47,5.47
33.48,5.47
33.49,5.47
33.5,5.48
33.51,5.48
33.52,5.48
33.53,5.48
33.54,5.48
33.55,5.48
33.56,5.48
33.57,5.48
33.58,5.48
33.59,5.48
33.6,5.48
33.61,5.48
33.62,5.48
33.63,5.48
33.64,5.48
33.65,5.48
33.66,5.48
33.67,5.48
33.68,5.48
33.69,5.48
33.7,5.49
33.71,5.49
33.72,5.49
33.73,5.49
33.74,5.49
33.75,5.49
33.76,5.49
33.77,5.49
33.78,5.49
33.79,5.49
33.8,5.49
33.81,5.49
33.82,5.49
33.83,5.49
33.84,5.49
33.85,5.49
33.86,5.49
33.87,5.49
33.88,5.49
33.89,5.49
33.9,5.5
33.91,5.5
33.92,5.5
33.93,5.5
33.94,5.5
33.95,5.5
33.96,5.5
33.97,5.5
33.98,5.5
33.99,5.5
34,5.5
34.01,5.5
34.02,5.5
34.03,5.5
34.04,5.5
34.05,5.5
34.06,5.5
34.07,5.51
34.08,5.51
34.09,5.51
34.1,5.51
34.11,5.51
34.12,5.51
34.13,5.51
34.14,5.51
34.15,5.51
34.16,5.51
34.17,5.51
34.18,5.51
34.19,5.51
34.2,5.52
34.21,5.52
34.22,5.52
34.23,5.52
34.24,5.52
34.25,5.52
34.26,5.52
34.27,5.52
34.28,5.52
34.29,5.52
34.3,5.52
34.31,5.52
34.32,5.52
34.33,5.52
34.34,5.53
34.35,5.53
34.36,5.53
34.37,5.53
34.38,5.53
34.39,5.53
34.4,5.53
34.41,5.53
34.42,5.53
34.43,5.53
34.44,5.53
34.45,5.53
34.46,5.53
34.47,5.54
34.48,5.54
34.49,5.54
34.5,5.54
34.51,5.54
34.52,5.54
34.53,5.54
34.54,5.54
34.55,5.54
34.56,5.54
34.57,5.54
34.58,5.54
34.59,5.54
34.6,5.55
34.61,5.55
34.62,5.55
34.63,5.55
34.64,5.55
34.65,5.55
34.66,5.55
34.67,5.55
34.68,5.55
34.69,5.55
34.7,5.55
34.71,5.55
34.72,5.55
34.73,5.55
34.74,5.56
34.75,5.56
34.76,5.56
34.77,5.56
34.78,5.56
34.79,5.56
34.8,5.56
34.81,5.56
34.82,5.56
34.83,5.56
34.84,5.56
34.85,5.56
34.86,5.56
34.87,5.57
34.88,5.57
34.89,5.57
34.9,5.57
34.91,5.57
34.92,5.57
34.93,5.57
34.94,5.57
34.95,5.57
34.96,5.57
34.97,5.57
34.98,5.57
34.99,5.57
35,5.58
35.01,5.58
35.02,5.58
35.03,5.58
35.04,5.58
35.05,5.58
35.06,5.58
35.07,5.58
35.08,5.58
35.09,5.58
35.1,5.58
35.11,5.58
35.12,5.58
35.13,5.58
35.14,5.59
35.15,5.59
35.16,5.59
35.17,5.59
35.18,5.59
35.19,5.59
35.2,5.59
35.21,5.59
35.22,5.59
35.23,5.59
35.24,5.59
35.25,5.59
35.26,5.59
35.27,5.6
35.28,5.6
35.29,5.6
35.3,5.6
35.31,5.6
35.32,5.6
35.33,5.6
35.34,5.6
35.35,5.6
35.36,5.6
35.37,5.6
35.38,5.6
35.39,5.6
35.4,5.61
35.41,5.61
35.42,5.61
35.43,5.61
35.44,5.61
35.45,5.61
35.46,5.61
35.47,5.61
35.48,5.61
35.49,5.61
35.5,5.61
35.51,5.61
35.52,5.61
35.53,5.61
35.54,5.62
35.55,5.62
35.56,5.62
35.57,5.62
35.58,5.62
35.59,5.62
35.6,5.62
35.61,5.62
35.62,5.62
35.63,5.62
35.64,5.62
35.65,5.62
35.66,5.62
35.67,5.63
35.68,5.63
35.69,5.63
35.7,5.63
35.71,5.63
35.72,5.63
35.73,5.63
35.74,5.63
35.75,5.63
35.76,5.63
35.77,5.63
35.78,5.63
35.79,5.63
35.8,5.64
35.81,5.64
35.82,5.64
35.83,5.64
35.84,5.64
35.85,5.64
35.86,5.64
35.87,5.64
35.88,5.64
35.89,5.64
35.9,5.64
35.91,5.64
35.92,5.64
35.93,5.64
35.94,5.65
35.95,5.65
35.96,5.65
35.97,5.65
35.98,5.65
35.99,5.65
36,5.65
36.01,5.65
36.02,5.65
36.03,5.65
36.04,5.65
36.05,5.65
36.06,5.65
36.07,5.65
36.08,5.65
36.09,5.65
36.1,5.66
36.11,5.66
36.12,5.66
36.13,5.66
36.14,5.66
36.15,5.66
36.16,5.66
36.17,5.66
36.18,5.66
36.19,5.66
36.2,5.66
36.21,5.66
36.22,5.66
36.23,5.66
36.24,5.66
36.25,5.66
36.26,5.66
36.27,5.66
36.28,5.66
36.29,5.66
36.3,5.67
36.31,5.67
36.32,5.67
36.33,5.67
36.34,5.67
36.35,5.67
36.36,5.67
36.37,5.67
36.38,5.67
36.39,5.67
36.4,5.67
36.41,5.67
36.42,5.67
36.43,5.67
36.44,5.67
36.45,5.67
36.46,5.67
36.47,5.67
36.48,5.67
36.49,5.67
36.5,5.68
36.51,5.68
36.52,5.68
36.53,5.68
36.54,5.68
36.55,5.68
36.56,5.68
36.57,5.68
36.58,5.68
36.59,5.68
36.6,5.68
36.61,5.68
36.62,5.68
36.63,5.68
36.64,5.68
36.65,5.68
36.66,5.68
36.67,5.68
36.68,5.68
36.69,5.68
36.7,5.69
36.71,5.69
36.72,5.69
36.73,5.69
36.74,5.69
36.75,5.69
36.76,5.69
36.77,5.69
36.78,5.69
36.79,5.69
36.8,5.69
36.81,5.69
36.82,5.69
36.83,5.69
36.84,5.69
36.85,5.69
36.86,5.69
36.87,5.69
36.88,5.69
36.89,5.69
36.9,5.7
36.91,5.7
36.92,5.7
36.93,5.7
36.94,5.7
36.95,5.7
36.96,5.7
36.97,5.7
36.98,5.7
36.99,5.7
37,5.7
37.01,5.7
37.02,5.7
37.03,5.7
37.04,5.7
37.05,5.7
37.06,5.7
37.07,5.7
37.08,5.7
37.09,5.7
37.1,5.71
37.11,5.71
37.12,5.71
37.13,5.71
37.14,5.71
37.15,5.71
37.16,5.71
37.17,5.71
37.18,5.71
37.19,5.71
37.2,5.71
37.21,5.71
37.22,5.71
37.23,5.71
37.24,5.71
37.25,5.71
37.26,5.71
37.27,5.71
37.28,5.71
37.29,5.71
37.3,5.72
37.31,5.72
37.32,5.72
37.33,5.72
37.34,5.72
37.35,5.72
37.36,5.72
37.37,5.72
37.38,5.72
37.39,5.72
37.4,5.72
37.41,5.72
37.42,5.72
37.43,5.72
37.44,5.72
37.45,5.72
37.46,5.72
37.47,5.72
37.48,5.72
37.49,5.72
37.5,5.73
37.51,5.73
37.52,5.73
37.53,5.73
37.54,5.73
37.55,5.73
37.56,5.73
37.57,5.73
37.58,5.73
37.59,5.73
37.6,5.73
37.61,5.73
37.62,5.73
37.63,5.73
37.64,5.73
37.65,5.73
37.66,5.73
37.67,5.73
37.68,5.73
37.69,5.73
37.7,5.74
37.71,5.74
37.72,5.74
37.73,5.74
37.74,5.74
37.75,5.74
37.76,5.74
37.77,5.74
37.78,5.74
37.79,5.74
37.8,5.74
37.81,5.74
37.82,5.74
37.83,5.74
37.84,5.74
37.85,5.74
37.86,5.74
37.87,5.74
37.88,5.74
37.89,5.74
37.9,5.75
37.91,5.75
37.92,5.75
37.93,5.75
37.94,5.75
37.95,5.75
37.96,5.75
37.97,5.75
37.98,5.75
37.99,5.75
38,5.75
38.01,5.75
38.02,5.75
38.03,5.75
38.04,5.75
38.05,5.75
38.06,5.75
38.07,5.76
38.08,5.76
38.09,5.76
38.1,5.76
38.11,5.76
38.12,5.76
38.13,5.76
38.14,5.76
38.15,5.76
38.16,5.76
38.17,5.76
38.18,5.76
38.19,5.76
38.2,5.77
38.21,5.77
38.22,5.77
38.23,5.77
38.24,5.77
38.25,5.77
38.26,5.77
38.27,5.77
38.28,5.77
38.29,5.77
38.3,5.77
38.31,5.77
38.32,5.77
38.33,5.77
38.34,5.78
38.35,5.78
38.36,5.78
38.37,5.78
38.38,5.78
38.39,5.78
38.4,5.78
38.41,5.78
38.42,5.78
38.43,5.78
38.44,5.78
38.45,5.78
38.46,5.78
38.47,5.79
38.48,5.79
38.49,5.79
38.5,5.79
38.51,5.79
38.52,5.79
38.53,5.79
38.54,5.79
38.55,5.79
38.56,5.79
38.57,5.79
38.58,5.79
38.59,5.79
38.6,5.8
38.61,5.8
38.62,5.8
38.63,5.8
38.64,5.8
38.65,5.8
38.66,5.8
38.67,5.8
38.68,5.8
38.69,5.8
38.7,5.8
38.71,5.8
38.72,5.8
38.73,5.8
38.74,5.81
38.75,5.81
38.76,5.81
38.77,5.81
38.78,5.81
38.79,5.81
38.8,5.81
38.81,5.81
38.82,5.81
38.83,5.81
38.84,5.81
38.85,5.81
38.86,5.81
38.87,5.82
38.88,5.82
38.89,5.82
38.9,5.82
38.91,5.82
38.92,5.82
38.93,5.82
38.94,5.82
38.95,5.82
38.96,5.82
38.97,5.82
38.98,5.82
38.99,5.82
39,5.83
39.01,5.83
39.02,5.83
39.03,5.83
39.04,5.83
39.05,5.83
39.06,5.83
39.07,5.83
39.08,5.83
39.09,5.83
39.1,5.83
39.11,5.83
39.12,5.83
39.13,5.83
39.14,5.84
39.15,5.84
39.16,5.84
39.17,5.84
39.18,5.84
39.19,5.84
39.2,5.84
39.21,5.84
39.22,5.84
39.23,5.84
39.24,5.84
39.25,5.84
39.26,5.84
39.27,5.85
39.28,5.85
39.29,5.85
39.3,5.85
39.31,5.85
39.32,5.85
39.33,5.85
39.34,5.85
39.35,5.85
39.36,5.85
39.37,5.85
39.38,5.85
39.39,5.85
39.4,5.86
39.41,5.86
39.42,5.86
39.43,5.86
39.44,5.86
39.45,5.86
39.46,5.86
39.47,5.86
39.48,5.86
39.49,5.86
39.5,5.86
39.51,5.86
39.52,5.86
39.53,5.86
39.54,5.87
39.55,5.87
39.56,5.87
39.57,5.87
39.58,5.87
39.59,5.87
39.6,5.87
39.61,5.87
39.62,5.87
39.63,5.87
39.64,5.87
39.65,5.87
39.66,5.87
39.67,5.88
39.68,5.88
39.69,5.88
39.7,5.88
39.71,5.88
39.72,5.88
39.73,5.88
39.74,5.88
39.75,5.88
39.76,5.88
39.77,5.88
39.78,5.88
39.79,5.88
39.8,5.89
39.81,5.89
39.82,5.89
39.83,5.89
39.84,5.89
39.85,5.89
39.86,5.89
39.87,5.89
39.88,5.89
39.89,5.89
39.9,5.89
39.91,5.89
39.92,5.89
39.93,5.89
39.94,5.9
39.95,5.9
39.96,5.9
39.97,5.9
39.98,5.9
39.99,5.9
40,5.9
40.01,5.9
40.02,5.9
40.03,5.9
40.04,5.9
40.05,5.9
40.06,5.9
40.07,5.91
40.08,5.91
40.09,5.91
40.1,5.91
40.11,5.91
40.12,5.91
40.13,5.91
40.14,5.91
40.15,5.91
40.16,5.91
40.17,5.91
40.18,5.91
40.19,5.91
40.2,5.92
40.21,5.92
40.22,5.92
40.23,5.92
40.24,5.92
40.25,5.92
40.26,5.92
40.27,5.92
40.28,5.92
40.29,5.92
40.3,5.92
40.31,5.92
40.32,5.92
40.33,5.92
40.34,5.93
40.35,5.93
40.36,5.93
40.37,5.93
40.38,5.93
40.39,5.93
40.4,5.93
40.41,5.93
40.42,5.93
40.43,5.93
40.44,5.93
40.45,5.93
40.46,5.93
40.47,5.94
40.48,5.94
40.49,5.94
40.5,5.94
40.51,5.94
40.52,5.94
40.53,5.94
40.54,5.94
40.55,5.94
40.56,5.94
40.57,5.94
40.58,5.94
40.59,5.94
40.6,5.95
40.61,5.95
40.62,5.95
40.63,5.95
40.64,5.95
40.65,5.95
40.66,5.95
40.67,5.95
40.68,5.95
40.69,5.95
40.7,5.95
40.71,5.95
40.72,5.95
40.73,5.95
40.74,5.96
40.75,5.96
40.76,5.96
40.77,5.96
40.78,5.96
40.79,5.96
40.8,5.96
40.81,5.96
40.82,5.96
40.83,5.96
40.84,5.96
40.85,5.96
40.86,5.96
40.87,5.97
40.88,5.97
40.89,5.97
40.9,5.97
40.91,5.97
40.92,5.97
40.93,5.97
40.94,5.97
40.95,5.97
40.96,5.97
40.97,5.97
40.98,5.97
40.99,5.97
41,5.98
41.01,5.98
41.02,5.98
41.03,5.98
41.04,5.98
41.05,5.98
41.06,5.98
41.07,5.98
41.08,5.98
41.09,5.98
41.1,5.98
41.11,5.98
41.12,5.98
41.13,5.98
41.14,5.99
41.15,5.99
41.16,5.99
41.17,5.99
41.18,5.99
41.19,5.99
41.2,5.99
41.21,5.99
41.22,5.99
41.23,5.99
41.24,5.99
41.25,5.99
41.26,5.99
41.27,6
41.28,6
41.29,6
41.3,6
41.31,6
41.32,6
41.33,6
41.34,6
41.35,6
41.36,6
41.37,6
41.38,6
41.39,6
41.4,6.01
41.41,6.01
41.42,6.01
41.43,6.01
41.44,6.01
41.45,6.01
41.46,6.01
41.47,6.01
41.48,6.01
41.49,6.01
41.5,6.01
41.51,6.01
41.52,6.01
41.53,6.01
41.54,6.02
41.55,6.02
41.56,6.02
41.57,6.02
41.58,6.02
41.59,6.02
41.6,6.02
41.61,6.02
41.62,6.02
41.63,6.02
41.64,6.02
41.65,6.02
41.66,6.02
41.67,6.03
41.68,6.03
41.69,6.03
41.7,6.03
41.71,6.03
41.72,6.03
41.73,6.03
41.74,6.03
41.75,6.03
41.76,6.03
41.77,6.03
41.78,6.03
41.79,6.03
41.8,6.04
41.81,6.04
41.82,6.04
41.83,6.04
41.84,6.04
41.85,6.04
41.86,6.04
41.87,6.04
41.88,6.04
41.89,6.04
41.9,6.04
41.91,6.04
41.92,6.04
41.93,6.04
41.94,6.05
41.95,6.05
41.96,6.05
41.97,6.05
41.98,6.05
41.99,6.05
42,6.05
42.01,6.05
42.02,6.05
42.03,6.05
42.04,6.05
42.05,6.05
42.06,6.05
42.07,6.05
42.08,6.06
42.09,6.06
42.1,6.06
42.11,6.06
42.12,6.06
42.13,6.06
42.14,6.06
42.15,6.06
42.16,6.06
42.17,6.06
42.18,6.06
42.19,6.06
42.2,6.06
42.21,6.06
42.22,6.06
42.23,6.06
42.24,6.07
42.25,6.07
42.26,6.07
42.27,6.07
42.28,6.07
42.29,6.07
42.3,6.07
42.31,6.07
42.32,6.07
42.33,6.07
42.34,6.07
42.35,6.07
42.36,6.07
42.37,6.07
42.38,6.07
42.39,6.08
42.4,6.08
42.41,6.08
42.42,6.08
42.43,6.08
42.44,6.08
42.45,6.08
42.46,6.08
42.47,6.08
42.48,6.08
42.49,6.08
42.5,6.08
42.51,6.08
42.52,6.08
42.53,6.08
42.54,6.09
42.55,6.09
42.56,6.09
42.57,6.09
42.58,6.09
42.59,6.09
42.6,6.09
42.61,6.09
42.62,6.09
42.63,6.09
42.64,6.09
42.65,6.09
42.66,6.09
42.67,6.09
42.68,6.09
42.69,6.09
42.7,6.1
42.71,6.1
42.72,6.1
42.73,6.1
42.74,6.1
42.75,6.1
42.76,6.1
42.77,6.1
42.78,6.1
42.79,6.1
42.8,6.1
42.81,6.1
42.82,6.1
42.83,6.1
42.84,6.1
42.85,6.11
42.86,6.11
42.87,6.11
42.88,6.11
42.89,6.11
42.9,6.11
42.91,6.11
42.92,6.11
42.93,6.11
42.94,6.11
42.95,6.11
42.96,6.11
42.97,6.11
42.98,6.11
42.99,6.11
43,6.12
43.01,6.12
43.02,6.12
43.03,6.12
43.04,6.12
43.05,6.12
43.06,6.12
43.07,6.12
43.08,6.12
43.09,6.12
43.1,6.12
43.11,6.12
43.12,6.12
43.13,6.12
43.14,6.12
43.15,6.12
43.16,6.13
43.17,6.13
43.18,6.13
43.19,6.13
43.2,6.13
43.21,6.13
43.22,6.13
43.23,6.13
43.24,6.13
43.25,6.13
43.26,6.13
43.27,6.13
43.28,6.13
43.29,6.13
43.3,6.13
43.31,6.14
43.32,6.14
43.33,6.14
43.34,6.14
43.35,6.14
43.36,6.14
43.37,6.14
43.38,6.14
43.39,6.14
43.4,6.14
43.41,6.14
43.42,6.14
43.43,6.14
43.44,6.14
43.45,6.14
43.46,6.14
43.47,6.15
43.48,6.15
43.49,6.15
43.5,6.15
43.51,6.15
43.52,6.15
43.53,6.15
43.54,6.15
43.55,6.15
43.56,6.15
43.57,6.15
43.58,6.15
43.59,6.15
43.6,6.15
43.61,6.15
43.62,6.16
43.63,6.16
43.64,6.16
43.65,6.16
43.66,6.16
43.67,6.16
43.68,6.16
43.69,6.16
43.7,6.16
43.71,6.16
43.72,6.16
43.73,6.16
43.74,6.16
43.75,6.16
43.76,6.16
43.77,6.17
43.78,6.17
43.79,6.17
43.8,6.17
43.81,6.17
43.82,6.17
43.83,6.17
43.84,6.17
43.85,6.17
43.86,6.17
43.87,6.17
43.88,6.17
43.89,6.17
43.9,6.17
43.91,6.17
43.92,6.17
43.93,6.18
43.94,6.18
43.95,6.18
43.96,6.18
43.97,6.18
43.98,6.18
43.99,6.18
44,6.18
44.01,6.18
44.02,6.18
44.03,6.18
44.04,6.18
44.05,6.18
44.06,6.18
44.07,6.18
44.08,6.18
44.09,6.19
44.1,6.19
44.11,6.19
44.12,6.19
44.13,6.19
44.14,6.19
44.15,6.19
44.16,6.19
44.17,6.19
44.18,6.19
44.19,6.19
44.2,6.19
44.21,6.19
44.22,6.19
44.23,6.19
44.24,6.19
44.25,6.2
44.26,6.2
44.27,6.2
44.28,6.2
44.29,6.2
44.3,6.2
44.31,6.2
44.32,6.2
44.33,6.2
44.34,6.2
44.35,6.2
44.36,6.2
44.37,6.2
44.38,6.2
44.39,6.2
44.4,6.2
44.41,6.2
44.42,6.21
44.43,6.21
44.44,6.21
44.45,6.21
44.46,6.21
44.47,6.21
44.48,6.21
44.49,6.21
44.5,6.21
44.51,6.21
44.52,6.21
44.53,6.21
44.54,6.21
44.55,6.21
44.56,6.21
44.57,6.21
44.58,6.21
44.59,6.22
44.6,6.22
44.61,6.22
44.62,6.22
44.63,6.22
44.64,6.22
44.65,6.22
44.66,6.22
44.67,6.22
44.68,6.22
44.69,6.22
44.7,6.22
44.71,6.22
44.72,6.22
44.73,6.22
44.74,6.22
44.75,6.23
44.76,6.23
44.77,6.23
44.78,6.23
44.79,6.23
44.8,6.23
44.81,6.23
44.82,6.23
44.83,6.23
44.84,6.23
44.85,6.23
44.86,6.23
44.87,6.23
44.88,6.23
44.89,6.23
44.9,6.23
44.91,6.23
44.92,6.24
44.93,6.24
44.94,6.24
44.95,6.24
44.96,6.24
44.97,6.24
44.98,6.24
44.99,6.24
45,6.24
45.01,6.24
45.02,6.24
45.03,6.24
45.04,6.24
45.05,6.24
45.06,6.24
45.07,6.24
45.08,6.24
45.09,6.25
45.1,6.25
45.11,6.25
45.12,6.25
45.13,6.25
45.14,6.25
45.15,6.25
45.16,6.25
45.17,6.25
45.18,6.25
45.19,6.25
45.2,6.25
45.21,6.25
45.22,6.25
45.23,6.25
45.24,6.25
45.25,6.26
45.26,6.26
45.27,6.26
45.28,6.26
45.29,6.26
45.3,6.26
45.31,6.26
45.32,6.26
45.33,6.26
45.34,6.26
45.35,6.26
45.36,6.26
45.37,6.26
45.38,6.26
45.39,6.26
45.4,6.26
45.41,6.26
45.42,6.27
45.43,6.27
45.44,6.27
45.45,6.27
45.46,6.27
45.47,6.27
45.48,6.27
45.49,6.27
45.5,6.27
45.51,6.27
45.52,6.27
45.53,6.27
45.54,6.27
45.55,6.27
45.56,6.27
45.57,6.27
45.58,6.27
45.59,6.28
45.6,6.28
45.61,6.28
45.62,6.28
45.63,6.28
45.64,6.28
45.65,6.28
45.66,6.28
45.67,6.28
45.68,6.28
45.69,6.28
45.7,6.28
45.71,6.28
45.72,6.28
45.73,6.28
45.74,6.28
45.75,6.29
45.76,6.29
45.77,6.29
45.78,6.29
45.79,6.29
45.8,6.29
45.81,6.29
45.82,6.29
45.83,6.29
45.84,6.29
45.85,6.29
45.86,6.29
45.87,6.29
45.88,6.29
45.89,6.29
45.9,6.29
45.91,6.29
45.92,6.3
45.93,6.3
45.94,6.3
45.95,6.3
45.96,6.3
45.97,6.3
45.98,6.3
45.99,6.3
46,6.3
46.01,6.3
46.02,6.3
46.03,6.3
46.04,6.3
46.05,6.3
46.06,6.31
46.07,6.31
46.08,6.31
46.09,6.31
46.1,6.31
46.11,6.31
46.12,6.31
46.13,6.31
46.14,6.31
46.15,6.31
46.16,6.31
46.17,6.31
46.18,6.32
46.19,6.32
46.2,6.32
46.21,6.32
46.22,6.32
46.23,6.32
46.24,6.32
46.25,6.32
46.26,6.32
46.27,6.32
46.28,6.32
46.29,6.32
46.3,6.33
46.31,6.33
46.32,6.33
46.33,6.33
46.34,6.33
46.35,6.33
46.36,6.33
46.37,6.33
46.38,6.33
46.39,6.33
46.4,6.33
46.41,6.33
46.42,6.34
46.43,6.34
46.44,6.34
46.45,6.34
46.46,6.34
46.47,6.34
46.48,6.34
46.49,6.34
46.5,6.34
46.51,6.34
46.52,6.34
46.53,6.35
46.54,6.35
46.55,6.35
46.56,6.35
46.57,6.35
46.58,6.35
46.59,6.35
46.6,6.35
46.61,6.35
46.62,6.35
46.63,6.35
46.64,6.35
46.65,6.36
46.66,6.36
46.67,6.36
46.68,6.36
46.69,6.36
46.7,6.36
46.71,6.36
46.72,6.36
46.73,6.36
46.74,6.36
46.75,6.36
46.76,6.36
46.77,6.37
46.78,6.37
46.79,6.37
46.8,6.37
46.81,6.37
46.82,6.37
46.83,6.37
46.84,6.37
46.85,6.37
46.86,6.37
46.87,6.37
46.88,6.37
46.89,6.38
46.9,6.38
46.91,6.38
46.92,6.38
46.93,6.38
46.94,6.38
46.95,6.38
46.96,6.38
46.97,6.38
46.98,6.38
46.99,6.38
47,6.39
47.01,6.39
47.02,6.39
47.03,6.39
47.04,6.39
47.05,6.39
47.06,6.39
47.07,6.39
47.08,6.39
47.09,6.39
47.1,6.39
47.11,6.39
47.12,6.4
47.13,6.4
47.14,6.4
47.15,6.4
47.16,6.4
47.17,6.4
47.18,6.4
47.19,6.4
47.2,6.4
47.21,6.4
47.22,6.4
47.23,6.4
47.24,6.41
47.25,6.41
47.26,6.41
47.27,6.41
47.28,6.41
47.29,6.41
47.3,6.41
47.31,6.41
47.32,6.41
47.33,6.41
47.34,6.41
47.35,6.41
47.36,6.42
47.37,6.42
47.38,6.42
47.39,6.42
47.4,6.42
47.41,6.42
47.42,6.42
47.43,6.42
47.44,6.42
47.45,6.42
47.46,6.42
47.47,6.42
47.48,6.43
47.49,6.43
47.5,6.43
47.51,6.43
47.52,6.43
47.53,6.43
47.54,6.43
47.55,6.43
47.56,6.43
47.57,6.43
47.58,6.43
47.59,6.44
47.6,6.44
47.61,6.44
47.62,6.44
47.63,6.44
47.64,6.44
47.65,6.44
47.66,6.44
47.67,6.44
47.68,6.44
47.69,6.44
47.7,6.44
47.71,6.45
47.72,6.45
47.73,6.45
47.74,6.45
47.75,6.45
47.76,6.45
47.77,6.45
47.78,6.45
47.79,6.45
47.8,6.45
47.81,6.45
47.82,6.45
47.83,6.46
47.84,6.46
47.85,6.46
47.86,6.46
47.87,6.46
47.88,6.46
47.89,6.46
47.9,6.46
47.91,6.46
47.92,6.46
47.93,6.46
47.94,6.46
47.95,6.47
47.96,6.47
47.97,6.47
47.98,6.47
47.99,6.47
48,6.47
48.01,6.47
48.02,6.47
48.03,6.47
48.04,6.47
48.05,6.47
48.06,6.47
48.07,6.47
48.08,6.48
48.09,6.48
48.1,6.48
48.11,6.48
48.12,6.48
48.13,6.48
48.14,6.48
48.15,6.48
48.16,6.48
48.17,6.48
48.18,6.48
48.19,6.48
48.2,6.48
48.21,6.48
48.22,6.48
48.23,6.48
48.24,6.49
48.25,6.49
48.26,6.49
48.27,6.49
48.28,6.49
48.29,6.49
48.3,6.49
48.31,6.49
48.32,6.49
48.33,6.49
48.34,6.49
48.35,6.49
48.36,6.49
48.37,6.49
48.38,6.49
48.39,6.5
48.4,6.5
48.41,6.5
48.42,6.5
48.43,6.5
48.44,6.5
48.45,6.5
48.46,6.5
48.47,6.5
48.48,6.5
48.49,6.5
48.5,6.5
48.51,6.5
48.52,6.5
48.53,6.5
48.54,6.51
48.55,6.51
48.56,6.51
48.57,6.51
48.58,6.51
48.59,6.51
48.6,6.51
48.61,6.51
48.62,6.51
48.63,6.51
48.64,6.51
48.65,6.51
48.66,6.51
48.67,6.51
48.68,6.51
48.69,6.51
48.7,6.52
48.71,6.52
48.72,6.52
48.73,6.52
48.74,6.52
48.75,6.52
48.76,6.52
48.77,6.52
48.78,6.52
48.79,6.52
48.8,6.52
48.81,6.52
48.82,6.52
48.83,6.52
48.84,6.52
48.85,6.53
48.86,6.53
48.87,6.53
48.88,6.53
48.89,6.53
48.9,6.53
48.91,6.53
48.92,6.53
48.93,6.53
48.94,6.53
48.95,6.53
48.96,6.53
48.97,6.53
48.98,6.53
48.99,6.53
49,6.54
49.01,6.54
49.02,6.54
49.03,6.54
49.04,6.54
49.05,6.54
49.06,6.54
49.07,6.54
49.08,6.54
49.09,6.54
49.1,6.54
49.11,6.54
49.12,6.54
49.13,6.54
49.14,6.54
49.15,6.54
49.16,6.55
49.17,6.55
49.18,6.55
49.19,6.55
49.2,6.55
49.21,6.55
49.22,6.55
49.23,6.55
49.24,6.55
49.25,6.55
49.26,6.55
49.27,6.55
49.28,6.55
49.29,6.55
49.3,6.55
49.31,6.56
49.32,6.56
49.33,6.56
49.34,6.56
49.35,6.56
49.36,6.56
49.37,6.56
49.38,6.56
49.39,6.56
49.4,6.56
49.41,6.56
49.42,6.56
49.43,6.56
49.44,6.56
49.45,6.56
49.46,6.56
49.47,6.57
49.48,6.57
49.49,6.57
49.5,6.57
49.51,6.57
49.52,6.57
49.53,6.57
49.54,6.57
49.55,6.57
49.56,6.57
49.57,6.57
49.58,6.57
49.59,6.57
49.6,6.57
49.61,6.57
49.62,6.58
49.63,6.58
49.64,6.58
49.65,6.58
49.66,6.58
49.67,6.58
49.68,6.58
49.69,6.58
49.7,6.58
49.71,6.58
49.72,6.58
49.73,6.58
49.74,6.58
49.75,6.58
49.76,6.58
49.77,6.59
49.78,6.59
49.79,6.59
49.8,6.59
49.81,6.59
49.82,6.59
49.83,6.59
49.84,6.59
49.85,6.59
49.86,6.59
49.87,6.59
49.88,6.59
49.89,6.59
49.9,6.59
49.91,6.59
49.92,6.59
49.93,6.6
49.94,6.6
49.95,6.6
49.96,6.6
49.97,6.6
49.98,6.6
49.99,6.6
50,6.6
