GsH_ft,Q_cfs
2,54500
2.01,54600
2.02,54600
2.03,54700
2.04,54700
2.05,54800
2.06,54800
2.07,54900
2.08,54900
2.09,55000
2.1,55100
2.11,55100
2.12,55200
2.13,55200
2.14,55300
2.15,55300
2.16,55400
2.17,55400
2.18,55500
2.19,55600
2.2,55600
2.21,55700
2.22,55700
2.23,55800
2.24,55800
2.25,55900
2.26,55900
2.27,56000
2.28,56100
2.29,56100
2.3,56200
2.31,56200
2.32,56300
2.33,56300
2.34,56400
2.35,56400
2.36,56500
2.37,56600
2.38,56600
2.39,56700
2.4,56700
2.41,56800
2.42,56800
2.43,56900
2.44,57000
2.45,57000
2.46,57100
2.47,57100
2.48,57200
2.49,57200
2.5,57300
2.51,57400
2.52,57400
2.53,57500
2.54,57500
2.55,57600
2.56,57600
2.57,57700
2.58,57800
2.59,57800
2.6,57900
2.61,57900
2.62,58000
2.63,58000
2.64,58100
2.65,58200
2.66,58200
2.67,58300
2.68,58300
2.69,58400
2.7,58400
2.71,58500
2.72,58600
2.73,58600
2.74,58700
2.75,58700
2.76,58800
2.77,58900
2.78,58900
2.79,59000
2.8,59000
2.81,59100
2.82,59100
2.83,59200
2.84,59300
2.85,59300
2.86,59400
2.87,59400
2.88,59500
2.89,59600
2.9,59600
2.91,59700
2.92,59700
2.93,59800
2.94,59800
2.95,59900
2.96,60000
2.97,60000
2.98,60100
2.99,60100
3,60200
3.01,60300
3.02,60300
3.03,60400
3.04,60400
3.05,60500
3.06,60600
3.07,60600
3.08,60700
3.09,60700
3.1,60800
3.11,60900
3.12,60900
3.13,61000
3.14,61000
3.15,61100
3.16,61200
3.17,61200
3.18,61300
3.19,61300
3.2,61400
3.21,61500
3.22,61500
3.23,61600
3.24,61600
3.25,61700
3.26,61800
3.27,61800
3.28,61900
3.29,61900
3.3,62000
3.31,62100
3.32,62100
3.33,62200
3.34,62200
3.35,62300
3.36,62400
3.37,62400
3.38,62500
3.39,62500
3.4,62600
3.41,62700
3.42,62700
3.43,62800
3.44,62800
3.45,62900
3.46,63000
3.47,63000
3.48,63100
3.49,63100
3.5,63200
3.51,63300
3.52,63300
3.53,63400
3.54,63500
3.55,63500
3.56,63600
3.57,63600
3.58,63700
3.59,63800
3.6,63800
3.61,63900
3.62,63900
3.63,64000
3.64,64100
3.65,64100
3.66,64200
3.67,64300
3.68,64300
3.69,64400
3.7,64400
3.71,64500
3.72,64600
3.73,64600
3.74,64700
3.75,64800
3.76,64800
3.77,64900
3.78,64900
3.79,65000
3.8,65100
3.81,65100
3.82,65200
3.83,65300
3.84,65300
3.85,65400
3.86,65400
3.87,65500
3.88,65600
3.89,65600
3.9,65700
3.91,65800
3.92,65800
3.93,65900
3.94,65900
3.95,66000
3.96,66100
3.97,66100
3.98,66200
3.99,66300
4,66300
4.01,66400
4.02,66500
4.03,66500
4.04,66600
4.05,66600
4.06,66700
4.07,66800
4.08,66800
4.09,66900
4.1,67000
4.11,67000
4.12,67100
4.13,67200
4.14,67200
4.15,67300
4.16,67300
4.17,67400
4.18,67500
4.19,67500
4.2,67600
4.21,67700
4.22,67700
4.23,67800
4.24,67900
4.25,67900
4.26,68000
4.27,68100
4.28,68100
4.29,68200
4.3,68300
4.31,68300
4.32,68400
4.33,68400
4.34,68500
4.35,68600
4.36,68600
4.37,68700
4.38,68800
4.39,68800
4.4,68900
4.41,69000
4.42,69000
4.43,69100
4.44,69200
4.45,69200
4.46,69300
4.47,69400
4.48,69400
4.49,69500
4.5,69600
4.51,69600
4.52,69700
4.53,69800
4.54,69800
4.55,69900
4.56,70000
4.57,70000
4.58,70100
4.59,70100
4.6,70200
4.61,70300
4.62,70300
4.63,70400
4.64,70500
4.65,70500
4.66,70600
4.67,70700
4.68,70700
4.69,70800
4.7,70900
4.71,70900
4.72,71000
4.73,71100
4.74,71100
4.75,71200
4.76,71300
4.77,71300
4.78,71400
4.79,71500
4.8,71500
4.81,71600
4.82,71700
4.83,71700
4.84,71800
4.85,71900
4.86,72000
4.87,72000
4.88,72100
4.89,72200
4.9,72200
4.91,72300
4.92,72400
4.93,72400
4.94,72500
4.95,72600
4.96,72600
4.97,72700
4.98,72800
4.99,72800
5,72900
5.01,73000
5.02,73000
5.03,73100
5.04,73200
5.05,73200
5.06,73300
5.07,73400
5.08,73400
5.09,73500
5.1,73600
5.11,73600
5.12,73700
5.13,73800
5.14,73900
5.15,73900
5.16,74000
5.17,74100
5.18,74100
5.19,74200
5.2,74300
5.21,74300
5.22,74400
5.23,74500
5.24,74500
5.25,74600
5.26,74700
5.27,74800
5.28,74800
5.29,74900
5.3,75000
5.31,75000
5.32,75100
5.33,75200
5.34,75200
5.35,75300
5.36,75400
5.37,75400
5.38,75500
5.39,75600
5.4,75700
5.41,75700
5.42,75800
5.43,75900
5.44,75900
5.45,76000
5.46,76100
5.47,76100
5.48,76200
5.49,76300
5.5,76400
5.51,76400
5.52,76500
5.53,76600
5.54,76600
5.55,76700
5.56,76800
5.57,76800
5.58,76900
5.59,77000
5.6,77100
5.61,77100
5.62,77200
5.63,77300
5.64,77300
5.65,77400
5.66,77500
5.67,77600
5.68,77600
5.69,77700
5.7,77800
5.71,77800
5.72,77900
5.73,78000
5.74,78100
5.75,78100
5.76,78200
5.77,78300
5.78,78300
5.79,78400
5.8,78500
5.81,78600
5.82,78600
5.83,78700
5.84,78800
5.85,78800
5.86,78900
5.87,79000
5.88,79100
5.89,79100
5.9,79200
5.91,79300
5.92,79400
5.93,79400
5.94,79500
5.95,79600
5.96,79600
5.97,79700
5.98,79800
5.99,79900
6,79900
6.01,80000
6.02,80100
6.03,80200
6.04,80200
6.05,80300
6.06,80400
6.07,80400
6.08,80500
6.09,80600
6.1,80700
6.11,80700
6.12,80800
6.13,80900
6.14,81000
6.15,81000
6.16,81100
6.17,81200
6.18,81200
6.19,81300
6.2,81400
6.21,81500
6.22,81500
6.23,81600
6.24,81700
6.25,81800
6.26,81800
6.27,81900
6.28,82000
6.29,82100
6.3,82100
6.31,82200
6.32,82300
6.33,82400
6.34,82400
6.35,82500
6.36,82600
6.37,82700
6.38,82700
6.39,82800
6.4,82900
6.41,83000
6.42,83000
6.43,83100
6.44,83200
6.45,83300
6.46,83300
6.47,83400
6.48,83500
6.49,83600
6.5,83600
6.51,83700
6.52,83800
6.53,83900
6.54,83900
6.55,84000
6.56,84100
6.57,84200
6.58,84200
6.59,84300
6.6,84400
6.61,84500
6.62,84500
6.63,84600
6.64,84700
6.65,84800
6.66,84800
6.67,84900
6.68,85000
6.69,85100
6.7,85100
6.71,85200
6.72,85300
6.73,85400
6.74,85400
6.75,85500
6.76,85600
6.77,85700
6.78,85800
6.79,85800
6.8,85900
6.81,86000
6.82,86100
6.83,86100
6.84,86200
6.85,86300
6.86,86400
6.87,86400
6.88,86500
6.89,86600
6.9,86700
6.91,86800
6.92,86800
6.93,86900
6.94,87000
6.95,87100
6.96,87100
6.97,87200
6.98,87300
6.99,87400
7,87500
7.01,87500
7.02,87600
7.03,87700
7.04,87800
7.05,87800
7.06,87900
7.07,88000
7.08,88100
7.09,88200
7.1,88200
7.11,88300
7.12,88400
7.13,88500
7.14,88500
7.15,88600
7.16,88700
7.17,88800
7.18,88900
7.19,88900
7.2,89000
7.21,89100
7.22,89200
7.23,89300
7.24,89300
7.25,89400
7.26,89500
7.27,89600
7.28,89600
7.29,89700
7.3,89800
7.31,89900
7.32,90000
7.33,90000
7.34,90100
7.35,90200
7.36,90300
7.37,90400
7.38,90400
7.39,90500
7.4,90600
7.41,90700
7.42,90800
7.43,90800
7.44,90900
7.45,91000
7.46,91100
7.47,91200
7.48,91200
7.49,91300
7.5,91400
7.51,91500
7.52,91600
7.53,91600
7.54,91700
7.55,91800
7.56,91900
7.57,92000
7.58,92000
7.59,92100
7.6,92200
7.61,92300
7.62,92400
7.63,92400
7.64,92500
7.65,92600
7.66,92700
7.67,92800
7.68,92900
7.69,92900
7.7,93000
7.71,93100
7.72,93200
7.73,93300
7.74,93300
7.75,93400
7.76,93500
7.77,93600
7.78,93700
7.79,93700
7.8,93800
7.81,93900
7.82,94000
7.83,94100
7.84,94200
7.85,94200
7.86,94300
7.87,94400
7.88,94500
7.89,94600
7.9,94600
7.91,94700
7.92,94800
7.93,94900
7.94,95000
7.95,95100
7.96,95100
7.97,95200
7.98,95300
7.99,95400
8,95500
8.01,95600
8.02,95600
8.03,95700
8.04,95800
8.05,95900
8.06,96000
8.07,96100
8.08,96100
8.09,96200
8.1,96300
8.11,96400
8.12,96500
8.13,96600
8.14,96600
8.15,96700
8.16,96800
8.17,96900
8.18,97000
8.19,97100
8.2,97100
8.21,97200
8.22,97300
8.23,97400
8.24,97500
8.25,97600
8.26,97600
8.27,97700
8.28,97800
8.29,97900
8.3,98000
8.31,98100
8.32,98200
8.33,98200
8.34,98300
8.35,98400
8.36,98500
8.37,98600
8.38,98700
8.39,98700
8.4,98800
8.41,98900
8.42,99000
8.43,99100
8.44,99200
8.45,99300
8.46,99300
8.47,99400
8.48,99500
8.49,99600
8.5,99700
8.51,99800
8.52,99900
8.53,99900
8.54,100000
8.55,100000
8.56,100000
8.57,100000
8.58,100000
8.59,100000
8.6,101000
8.61,101000
8.62,101000
8.63,101000
8.64,101000
8.65,101000
8.66,101000
8.67,101000
8.68,101000
8.69,101000
8.7,101000
8.71,101000
8.72,102000
8.73,102000
8.74,102000
8.75,102000
8.76,102000
8.77,102000
8.78,102000
8.79,102000
8.8,102000
8.81,102000
8.82,102000
8.83,103000
8.84,103000
8.85,103000
8.86,103000
8.87,103000
8.88,103000
8.89,103000
8.9,103000
8.91,103000
8.92,103000
8.93,103000
8.94,103000
8.95,104000
8.96,104000
8.97,104000
8.98,104000
8.99,104000
9,104000
9.01,104000
9.02,104000
9.03,104000
9.04,104000
9.05,104000
9.06,105000
9.07,105000
9.08,105000
9.09,105000
9.1,105000
9.11,105000
9.12,105000
9.13,105000
9.14,105000
9.15,105000
9.16,105000
9.17,106000
9.18,106000
9.19,106000
9.2,106000
9.21,106000
9.22,106000
9.23,106000
9.24,106000
9.25,106000
9.26,106000
9.27,106000
9.28,107000
9.29,107000
9.3,107000
9.31,107000
9.32,107000
9.33,107000
9.34,107000
9.35,107000
9.36,107000
9.37,107000
9.38,107000
9.39,108000
9.4,108000
9.41,108000
9.42,108000
9.43,108000
9.44,108000
9.45,108000
9.46,108000
9.47,108000
9.48,108000
9.49,108000
9.5,109000
9.51,109000
9.52,109000
9.53,109000
9.54,109000
9.55,109000
9.56,109000
9.57,109000
9.58,109000
9.59,109000
9.6,109000
9.61,110000
9.62,110000
9.63,110000
9.64,110000
9.65,110000
9.66,110000
9.67,110000
9.68,110000
9.69,110000
9.7,110000
9.71,110000
9.72,111000
9.73,111000
9.74,111000
9.75,111000
9.76,111000
9.77,111000
9.78,111000
9.79,111000
9.8,111000
9.81,111000
9.82,111000
9.83,112000
9.84,112000
9.85,112000
9.86,112000
9.87,112000
9.88,112000
9.89,112000
9.9,112000
9.91,112000
9.92,112000
9.93,112000
9.94,113000
9.95,113000
9.96,113000
9.97,113000
9.98,113000
9.99,113000
10,113000
10.01,113000
10.02,113000
10.03,113000
10.04,113000
10.05,114000
10.06,114000
10.07,114000
10.08,114000
10.09,114000
10.1,114000
10.11,114000
10.12,114000
10.13,114000
10.14,114000
10.15,115000
10.16,115000
10.17,115000
10.18,115000
10.19,115000
10.2,115000
10.21,115000
10.22,115000
10.23,115000
10.24,115000
10.25,115000
10.26,116000
10.27,116000
10.28,116000
10.29,116000
10.3,116000
10.31,116000
10.32,116000
10.33,116000
10.34,116000
10.35,116000
10.36,117000
10.37,117000
10.38,117000
10.39,117000
10.4,117000
10.41,117000
10.42,117000
10.43,117000
10.44,117000
10.45,117000
10.46,117000
10.47,118000
10.48,118000
10.49,118000
10.5,118000
10.51,118000
10.52,118000
10.53,118000
10.54,118000
10.55,118000
10.56,118000
10.57,119000
10.58,119000
10.59,119000
10.6,119000
10.61,119000
10.62,119000
10.63,119000
10.64,119000
10.65,119000
10.66,119000
10.67,120000
10.68,120000
10.69,120000
10.7,120000
10.71,120000
10.72,120000
10.73,120000
10.74,120000
10.75,120000
10.76,120000
10.77,121000
10.78,121000
10.79,121000
10.8,121000
10.81,121000
10.82,121000
10.83,121000
10.84,121000
10.85,121000
10.86,121000
10.87,121000
10.88,122000
10.89,122000
10.9,122000
10.91,122000
10.92,122000
10.93,122000
10.94,122000
10.95,122000
10.96,122000
10.97,122000
10.98,123000
10.99,123000
11,123000
11.01,123000
11.02,123000
11.03,123000
11.04,123000
11.05,123000
11.06,123000
11.07,123000
11.08,124000
11.09,124000
11.1,124000
11.11,124000
11.12,124000
11.13,124000
11.14,124000
11.15,124000
11.16,124000
11.17,124000
11.18,125000
11.19,125000
11.2,125000
11.21,125000
11.22,125000
11.23,125000
11.24,125000
11.25,125000
11.26,125000
11.27,125000
11.28,126000
11.29,126000
11.3,126000
11.31,126000
11.32,126000
11.33,126000
11.34,126000
11.35,126000
11.36,126000
11.37,127000
11.38,127000
11.39,127000
11.4,127000
11.41,127000
11.42,127000
11.43,127000
11.44,127000
11.45,127000
11.46,127000
11.47,128000
11.48,128000
11.49,128000
11.5,128000
11.51,128000
11.52,128000
11.53,128000
11.54,128000
11.55,128000
11.56,128000
11.57,129000
11.58,129000
11.59,129000
11.6,129000
11.61,129000
11.62,129000
11.63,129000
11.64,129000
11.65,129000
11.66,129000
11.67,130000
11.68,130000
11.69,130000
11.7,130000
11.71,130000
11.72,130000
11.73,130000
11.74,130000
11.75,130000
11.76,131000
11.77,131000
11.78,131000
11.79,131000
11.8,131000
11.81,131000
11.82,131000
11.83,131000
11.84,131000
11.85,131000
11.86,132000
11.87,132000
11.88,132000
11.89,132000
11.9,132000
11.91,132000
11.92,132000
11.93,132000
11.94,132000
11.95,133000
11.96,133000
11.97,133000
11.98,133000
11.99,133000
12,133000
12.01,133000
12.02,133000
12.03,133000
12.04,133000
12.05,134000
12.06,134000
12.07,134000
12.08,134000
12.09,134000
12.1,134000
12.11,134000
12.12,134000
12.13,134000
12.14,135000
12.15,135000
12.16,135000
12.17,135000
12.18,135000
12.19,135000
12.2,135000
12.21,135000
12.22,135000
12.23,135000
12.24,136000
12.25,136000
12.26,136000
12.27,136000
12.28,136000
12.29,136000
12.3,136000
12.31,136000
12.32,136000
12.33,137000
12.34,137000
12.35,137000
12.36,137000
12.37,137000
12.38,137000
12.39,137000
12.4,137000
12.41,137000
12.42,138000
12.43,138000
12.44,138000
12.45,138000
12.46,138000
12.47,138000
12.48,138000
12.49,138000
12.5,138000
12.51,139000
12.52,139000
12.53,139000
12.54,139000
12.55,139000
12.56,139000
12.57,139000
12.58,139000
12.59,139000
12.6,139000
12.61,140000
12.62,140000
12.63,140000
12.64,140000
12.65,140000
12.66,140000
12.67,140000
12.68,140000
12.69,140000
12.7,141000
12.71,141000
12.72,141000
12.73,141000
12.74,141000
12.75,141000
12.76,141000
12.77,141000
12.78,141000
12.79,142000
12.8,142000
12.81,142000
12.82,142000
12.83,142000
12.84,142000
12.85,142000
12.86,142000
12.87,142000
12.88,143000
12.89,143000
12.9,143000
12.91,143000
12.92,143000
12.93,143000
12.94,143000
12.95,143000
12.96,143000
12.97,144000
12.98,144000
12.99,144000
13,144000
13.01,144000
13.02,144000
13.03,144000
13.04,144000
13.05,144000
13.06,145000
13.07,145000
13.08,145000
13.09,145000
13.1,145000
13.11,145000
13.12,145000
13.13,145000
13.14,145000
13.15,146000
13.16,146000
13.17,146000
13.18,146000
13.19,146000
13.2,146000
13.21,146000
13.22,146000
13.23,147000
13.24,147000
13.25,147000
13.26,147000
13.27,147000
13.28,147000
13.29,147000
13.3,147000
13.31,147000
13.32,148000
13.33,148000
13.34,148000
13.35,148000
13.36,148000
13.37,148000
13.38,148000
13.39,148000
13.4,148000
13.41,149000
13.42,149000
13.43,149000
13.44,149000
13.45,149000
13.46,149000
13.47,149000
13.48,149000
13.49,149000
13.5,150000
13.51,150000
13.52,150000
13.53,150000
13.54,150000
13.55,150000
13.56,150000
13.57,150000
13.58,151000
13.59,151000
13.6,151000
13.61,151000
13.62,151000
13.63,151000
13.64,151000
13.65,151000
13.66,151000
13.67,152000
13.68,152000
13.69,152000
13.7,152000
13.71,152000
13.72,152000
13.73,152000
13.74,152000
13.75,152000
13.76,153000
13.77,153000
13.78,153000
13.79,153000
13.8,153000
13.81,153000
13.82,153000
13.83,153000
13.84,154000
13.85,154000
13.86,154000
13.87,154000
13.88,154000
13.89,154000
13.9,154000
13.91,154000
13.92,154000
13.93,155000
13.94,155000
13.95,155000
13.96,155000
13.97,155000
13.98,155000
13.99,155000
14,155000
14.01,156000
14.02,156000
14.03,156000
14.04,156000
14.05,156000
14.06,156000
14.07,156000
14.08,156000
14.09,156000
14.1,157000
14.11,157000
14.12,157000
14.13,157000
14.14,157000
14.15,157000
14.16,157000
14.17,157000
14.18,158000
14.19,158000
14.2,158000
14.21,158000
14.22,158000
14.23,158000
14.24,158000
14.25,158000
14.26,159000
14.27,159000
14.28,159000
14.29,159000
14.3,159000
14.31,159000
14.32,159000
14.33,159000
14.34,159000
14.35,160000
14.36,160000
14.37,160000
14.38,160000
14.39,160000
14.4,160000
14.41,160000
14.42,160000
14.43,161000
14.44,161000
14.45,161000
14.46,161000
14.47,161000
14.48,161000
14.49,161000
14.5,161000
14.51,162000
14.52,162000
14.53,162000
14.54,162000
14.55,162000
14.56,162000
14.57,162000
14.58,162000
14.59,163000
14.6,163000
14.61,163000
14.62,163000
14.63,163000
14.64,163000
14.65,163000
14.66,163000
14.67,164000
14.68,164000
14.69,164000
14.7,164000
14.71,164000
14.72,164000
14.73,164000
14.74,164000
14.75,164000
14.76,165000
14.77,165000
14.78,165000
14.79,165000
14.8,165000
14.81,165000
14.82,165000
14.83,165000
14.84,166000
14.85,166000
14.86,166000
14.87,166000
14.88,166000
14.89,166000
14.9,166000
14.91,166000
14.92,167000
14.93,167000
14.94,167000
14.95,167000
14.96,167000
14.97,167000
14.98,167000
14.99,167000
15,168000
15.01,168000
15.02,168000
15.03,168000
15.04,168000
15.05,168000
15.06,168000
15.07,168000
15.08,169000
15.09,169000
15.1,169000
15.11,169000
15.12,169000
15.13,169000
15.14,169000
15.15,169000
15.16,170000
15.17,170000
15.18,170000
15.19,170000
15.2,170000
15.21,170000
15.22,170000
15.23,170000
15.24,171000
15.25,171000
15.26,171000
15.27,171000
15.28,171000
15.29,171000
15.3,171000
15.31,172000
15.32,172000
15.33,172000
15.34,172000
15.35,172000
15.36,172000
15.37,172000
15.38,172000
15.39,173000
15.4,173000
15.41,173000
15.42,173000
15.43,173000
15.44,173000
15.45,173000
15.46,173000
15.47,174000
15.48,174000
15.49,174000
15.5,174000
15.51,174000
15.52,174000
15.53,174000
15.54,174000
15.55,175000
15.56,175000
15.57,175000
15.58,175000
15.59,175000
15.6,175000
15.61,175000
15.62,175000
15.63,176000
15.64,176000
15.65,176000
15.66,176000
15.67,176000
15.68,176000
15.69,176000
15.7,177000
15.71,177000
15.72,177000
15.73,177000
15.74,177000
15.75,177000
15.76,177000
15.77,177000
15.78,178000
15.79,178000
15.8,178000
15.81,178000
15.82,178000
15.83,178000
15.84,178000
15.85,178000
15.86,179000
15.87,179000
15.88,179000
15.89,179000
15.9,179000
15.91,179000
15.92,179000
15.93,180000
15.94,180000
15.95,180000
15.96,180000
15.97,180000
15.98,180000
15.99,180000
16,180000
16.01,181000
16.02,181000
16.03,181000
16.04,181000
16.05,181000
16.06,181000
16.07,181000
16.08,182000
16.09,182000
16.1,182000
16.11,182000
16.12,182000
16.13,182000
16.14,182000
16.15,182000
16.16,183000
16.17,183000
16.18,183000
16.19,183000
16.2,183000
16.21,183000
16.22,183000
16.23,183000
16.24,184000
16.25,184000
16.26,184000
16.27,184000
16.28,184000
16.29,184000
16.3,184000
16.31,185000
16.32,185000
16.33,185000
16.34,185000
16.35,185000
16.36,185000
16.37,185000
16.38,186000
16.39,186000
16.4,186000
16.41,186000
16.42,186000
16.43,186000
16.44,186000
16.45,186000
16.46,187000
16.47,187000
16.48,187000
16.49,187000
16.5,187000
16.51,187000
16.52,187000
16.53,188000
16.54,188000
16.55,188000
16.56,188000
16.57,188000
16.58,188000
16.59,188000
16.6,188000
16.61,189000
16.62,189000
16.63,189000
16.64,189000
16.65,189000
16.66,189000
16.67,189000
16.68,190000
16.69,190000
16.7,190000
16.71,190000
16.72,190000
16.73,190000
16.74,190000
16.75,191000
16.76,191000
16.77,191000
16.78,191000
16.79,191000
16.8,191000
16.81,191000
16.82,192000
16.83,192000
16.84,192000
16.85,192000
16.86,192000
16.87,192000
16.88,192000
16.89,192000
16.9,193000
16.91,193000
16.92,193000
16.93,193000
16.94,193000
16.95,193000
16.96,193000
16.97,194000
16.98,194000
16.99,194000
17,194000
17.01,194000
17.02,194000
17.03,194000
17.04,195000
17.05,195000
17.06,195000
17.07,195000
17.08,195000
17.09,195000
17.1,195000
17.11,195000
17.12,196000
17.13,196000
17.14,196000
17.15,196000
17.16,196000
17.17,196000
17.18,196000
17.19,197000
17.2,197000
17.21,197000
17.22,197000
17.23,197000
17.24,197000
17.25,197000
17.26,198000
17.27,198000
17.28,198000
17.29,198000
17.3,198000
17.31,198000
17.32,198000
17.33,198000
17.34,199000
17.35,199000
17.36,199000
17.37,199000
17.38,199000
17.39,199000
17.4,199000
17.41,200000
17.42,200000
17.43,200000
17.44,200000
17.45,200000
17.46,200000
17.47,200000
17.48,201000
17.49,201000
17.5,201000
17.51,201000
17.52,201000
17.53,201000
17.54,201000
17.55,202000
17.56,202000
17.57,202000
17.58,202000
17.59,202000
17.6,202000
17.61,202000
17.62,203000
17.63,203000
17.64,203000
17.65,203000
17.66,203000
17.67,203000
17.68,203000
17.69,203000
17.7,204000
17.71,204000
17.72,204000
17.73,204000
17.74,204000
17.75,204000
17.76,204000
17.77,205000
17.78,205000
17.79,205000
17.8,205000
17.81,205000
17.82,205000
17.83,205000
17.84,206000
17.85,206000
17.86,206000
17.87,206000
17.88,206000
17.89,206000
17.9,206000
17.91,207000
17.92,207000
17.93,207000
17.94,207000
17.95,207000
17.96,207000
17.97,207000
17.98,208000
17.99,208000
18,208000
18.01,208000
18.02,208000
18.03,208000
18.04,208000
18.05,209000
18.06,209000
18.07,209000
18.08,209000
18.09,209000
18.1,209000
18.11,209000
18.12,210000
18.13,210000
18.14,210000
18.15,210000
18.16,210000
18.17,210000
18.18,210000
18.19,211000
18.2,211000
18.21,211000
18.22,211000
18.23,211000
18.24,211000
18.25,211000
18.26,212000
18.27,212000
18.28,212000
18.29,212000
18.3,212000
18.31,212000
18.32,212000
18.33,213000
18.34,213000
18.35,213000
18.36,213000
18.37,213000
18.38,213000
18.39,213000
18.4,214000
18.41,214000
18.42,214000
18.43,214000
18.44,214000
18.45,214000
18.46,214000
18.47,215000
18.48,215000
18.49,215000
18.5,215000
18.51,215000
18.52,215000
18.53,215000
18.54,216000
18.55,216000
18.56,216000
18.57,216000
18.58,216000
18.59,216000
18.6,216000
18.61,217000
18.62,217000
18.63,217000
18.64,217000
18.65,217000
18.66,217000
18.67,218000
18.68,218000
18.69,218000
18.7,218000
18.71,218000
18.72,218000
18.73,218000
18.74,219000
18.75,219000
18.76,219000
18.77,219000
18.78,219000
18.79,219000
18.8,219000
18.81,220000
18.82,220000
18.83,220000
18.84,220000
18.85,220000
18.86,220000
18.87,220000
18.88,221000
18.89,221000
18.9,221000
18.91,221000
18.92,221000
18.93,221000
18.94,221000
18.95,222000
18.96,222000
18.97,222000
18.98,222000
18.99,222000
19,222000
19.01,223000
19.02,223000
19.03,223000
19.04,223000
19.05,223000
19.06,223000
19.07,223000
19.08,224000
19.09,224000
19.1,224000
19.11,224000
19.12,224000
19.13,224000
19.14,224000
19.15,225000
19.16,225000
19.17,225000
19.18,225000
19.19,225000
19.2,225000
19.21,226000
19.22,226000
19.23,226000
19.24,226000
19.25,226000
19.26,226000
19.27,226000
19.28,227000
19.29,227000
19.3,227000
19.31,227000
19.32,227000
19.33,227000
19.34,227000
19.35,228000
19.36,228000
19.37,228000
19.38,228000
19.39,228000
19.4,228000
19.41,229000
19.42,229000
19.43,229000
19.44,229000
19.45,229000
19.46,229000
19.47,229000
19.48,230000
19.49,230000
19.5,230000
19.51,230000
19.52,230000
19.53,230000
19.54,231000
19.55,231000
19.56,231000
19.57,231000
19.58,231000
19.59,231000
19.6,231000
19.61,232000
19.62,232000
19.63,232000
19.64,232000
19.65,232000
19.66,232000
19.67,233000
19.68,233000
19.69,233000
19.7,233000
19.71,233000
19.72,233000
19.73,233000
19.74,234000
19.75,234000
19.76,234000
19.77,234000
19.78,234000
19.79,234000
19.8,235000
19.81,235000
19.82,235000
19.83,235000
19.84,235000
19.85,235000
19.86,235000
19.87,236000
19.88,236000
19.89,236000
19.9,236000
19.91,236000
19.92,236000
19.93,237000
19.94,237000
19.95,237000
19.96,237000
19.97,237000
19.98,237000
19.99,238000
20,238000
20.01,238000
20.02,238000
20.03,238000
20.04,238000
20.05,238000
20.06,239000
20.07,239000
20.08,239000
20.09,239000
20.1,239000
20.11,239000
20.12,240000
20.13,240000
20.14,240000
20.15,240000
20.16,240000
20.17,240000
20.18,240000
20.19,241000
20.2,241000
20.21,241000
20.22,241000
20.23,241000
20.24,241000
20.25,242000
20.26,242000
20.27,242000
20.28,242000
20.29,242000
20.3,242000
20.31,243000
20.32,243000
20.33,243000
20.34,243000
20.35,243000
20.36,243000
20.37,243000
20.38,244000
20.39,244000
20.4,244000
20.41,244000
20.42,244000
20.43,244000
20.44,245000
20.45,245000
20.46,245000
20.47,245000
20.48,245000
20.49,245000
20.5,246000
20.51,246000
20.52,246000
20.53,246000
20.54,246000
20.55,246000
20.56,247000
20.57,247000
20.58,247000
20.59,247000
20.6,247000
20.61,247000
20.62,247000
20.63,248000
20.64,248000
20.65,248000
20.66,248000
20.67,248000
20.68,248000
20.69,249000
20.7,249000
20.71,249000
20.72,249000
20.73,249000
20.74,249000
20.75,250000
20.76,250000
20.77,250000
20.78,250000
20.79,250000
20.8,250000
20.81,251000
20.82,251000
20.83,251000
20.84,251000
20.85,251000
20.86,251000
20.87,252000
20.88,252000
20.89,252000
20.9,252000
20.91,252000
20.92,252000
20.93,253000
20.94,253000
20.95,253000
20.96,253000
20.97,253000
20.98,253000
20.99,254000
21,254000
21.01,254000
21.02,254000
21.03,254000
21.04,254000
21.05,254000
21.06,255000
21.07,255000
21.08,255000
21.09,255000
21.1,255000
21.11,255000
21.12,256000
21.13,256000
21.14,256000
21.15,256000
21.16,256000
21.17,256000
21.18,257000
21.19,257000
21.2,257000
21.21,257000
21.22,257000
21.23,257000
21.24,258000
21.25,258000
21.26,258000
21.27,258000
21.28,258000
21.29,258000
21.3,259000
21.31,259000
21.32,259000
21.33,259000
21.34,259000
21.35,259000
21.36,260000
21.37,260000
21.38,260000
21.39,260000
21.4,260000
21.41,260000
21.42,261000
21.43,261000
21.44,261000
21.45,261000
21.46,261000
21.47,261000
21.48,262000
21.49,262000
21.5,262000
21.51,262000
21.52,262000
21.53,262000
21.54,263000
21.55,263000
21.56,263000
21.57,263000
21.58,263000
21.59,263000
21.6,264000
21.61,264000
21.62,264000
21.63,264000
21.64,264000
21.65,264000
21.66,265000
21.67,265000
21.68,265000
21.69,265000
21.7,265000
21.71,266000
21.72,266000
21.73,266000
21.74,266000
21.75,266000
21.76,266000
21.77,267000
21.78,267000
21.79,267000
21.8,267000
21.81,267000
21.82,267000
21.83,268000
21.84,268000
21.85,268000
21.86,268000
21.87,268000
21.88,268000
21.89,269000
21.9,269000
21.91,269000
21.92,269000
21.93,269000
21.94,269000
21.95,270000
21.96,270000
21.97,270000
21.98,270000
21.99,270000
22,270000
22.01,271000
22.02,271000
22.03,271000
22.04,271000
22.05,271000
22.06,271000
22.07,272000
22.08,272000
22.09,272000
22.1,272000
22.11,272000
22.12,273000
22.13,273000
22.14,273000
22.15,273000
22.16,273000
22.17,273000
22.18,274000
22.19,274000
22.2,274000
22.21,274000
22.22,274000
22.23,274000
22.24,275000
22.25,275000
22.26,275000
22.27,275000
22.28,275000
22.29,275000
22.3,276000
22.31,276000
22.32,276000
22.33,276000
22.34,276000
22.35,277000
22.36,277000
22.37,277000
22.38,277000
22.39,277000
22.4,277000
22.41,278000
22.42,278000
22.43,278000
22.44,278000
22.45,278000
22.46,278000
22.47,279000
22.48,279000
22.49,279000
22.5,279000
22.51,279000
22.52,279000
22.53,280000
22.54,280000
22.55,280000
22.56,280000
22.57,280000
22.58,281000
22.59,281000
22.6,281000
22.61,281000
22.62,281000
22.63,281000
22.64,282000
22.65,282000
22.66,282000
22.67,282000
22.68,282000
22.69,282000
22.7,283000
22.71,283000
22.72,283000
22.73,283000
22.74,283000
22.75,284000
22.76,284000
22.77,284000
22.78,284000
22.79,284000
22.8,284000
22.81,285000
22.82,285000
22.83,285000
22.84,285000
22.85,285000
22.86,286000
22.87,286000
22.88,286000
22.89,286000
22.9,286000
22.91,286000
22.92,287000
22.93,287000
22.94,287000
22.95,287000
22.96,287000
22.97,287000
22.98,288000
22.99,288000
23,288000
23.01,288000
23.02,288000
23.03,289000
23.04,289000
23.05,289000
23.06,289000
23.07,289000
23.08,289000
23.09,290000
23.1,290000
23.11,290000
23.12,290000
23.13,290000
23.14,291000
23.15,291000
23.16,291000
23.17,291000
23.18,291000
23.19,291000
23.2,292000
23.21,292000
23.22,292000
23.23,292000
23.24,292000
23.25,293000
23.26,293000
23.27,293000
23.28,293000
23.29,293000
23.3,293000
23.31,294000
23.32,294000
23.33,294000
23.34,294000
23.35,294000
23.36,295000
23.37,295000
23.38,295000
23.39,295000
23.4,295000
23.41,295000
23.42,296000
23.43,296000
23.44,296000
23.45,296000
23.46,296000
23.47,297000
23.48,297000
23.49,297000
23.5,297000
23.51,297000
23.52,297000
23.53,298000
23.54,298000
23.55,298000
23.56,298000
23.57,298000
23.58,299000
23.59,299000
23.6,299000
23.61,299000
23.62,299000
23.63,299000
23.64,300000
23.65,300000
23.66,300000
23.67,300000
23.68,300000
23.69,301000
23.7,301000
23.71,301000
23.72,301000
23.73,301000
23.74,302000
23.75,302000
23.76,302000
23.77,302000
23.78,302000
23.79,302000
23.8,303000
23.81,303000
23.82,303000
23.83,303000
23.84,303000
23.85,304000
23.86,304000
23.87,304000
23.88,304000
23.89,304000
23.9,305000
23.91,305000
23.92,305000
23.93,305000
23.94,305000
23.95,305000
23.96,306000
23.97,306000
23.98,306000
23.99,306000
24,306000
24.01,307000
24.02,307000
24.03,307000
24.04,307000
24.05,307000
24.06,308000
24.07,308000
24.08,308000
24.09,308000
24.1,308000
24.11,308000
24.12,309000
24.13,309000
24.14,309000
24.15,309000
24.16,309000
24.17,310000
24.18,310000
24.19,310000
24.2,310000
24.21,310000
24.22,311000
24.23,311000
24.24,311000
24.25,311000
24.26,311000
24.27,311000
24.28,312000
24.29,312000
24.3,312000
24.31,312000
24.32,312000
24.33,313000
24.34,313000
24.35,313000
24.36,313000
24.37,313000
24.38,314000
24.39,314000
24.4,314000
24.41,314000
24.42,314000
24.43,315000
24.44,315000
24.45,315000
24.46,315000
24.47,315000
24.48,316000
24.49,316000
24.5,316000
24.51,316000
24.52,316000
24.53,316000
24.54,317000
24.55,317000
24.56,317000
24.57,317000
24.58,317000
24.59,318000
24.6,318000
24.61,318000
24.62,318000
24.63,318000
24.64,319000
24.65,319000
24.66,319000
24.67,319000
24.68,319000
24.69,320000
24.7,320000
24.71,320000
24.72,320000
24.73,320000
24.74,321000
24.75,321000
24.76,321000
24.77,321000
24.78,321000
24.79,322000
24.8,322000
24.81,322000
24.82,322000
24.83,322000
24.84,322000
24.85,323000
24.86,323000
24.87,323000
24.88,323000
24.89,323000
24.9,324000
24.91,324000
24.92,324000
24.93,324000
24.94,324000
24.95,325000
24.96,325000
24.97,325000
24.98,325000
24.99,325000
25,326000
25.01,326000
25.02,326000
25.03,326000
25.04,326000
25.05,327000
25.06,327000
25.07,327000
25.08,327000
25.09,327000
25.1,328000
25.11,328000
25.12,328000
25.13,328000
25.14,328000
25.15,329000
25.16,329000
25.17,329000
25.18,329000
25.19,329000
25.2,330000
25.21,330000
25.22,330000
25.23,330000
25.24,330000
25.25,331000
25.26,331000
25.27,331000
25.28,331000
25.29,331000
25.3,332000
25.31,332000
25.32,332000
25.33,332000
25.34,332000
25.35,333000
25.36,333000
25.37,333000
25.38,333000
25.39,333000
25.4,334000
25.41,334000
25.42,334000
25.43,334000
25.44,334000
25.45,335000
25.46,335000
25.47,335000
25.48,335000
25.49,335000
25.5,336000
25.51,336000
25.52,336000
25.53,336000
25.54,336000
25.55,337000
25.56,337000
25.57,337000
25.58,337000
25.59,337000
25.6,338000
25.61,338000
25.62,338000
25.63,338000
25.64,338000
25.65,339000
25.66,339000
25.67,339000
25.68,339000
25.69,339000
25.7,340000
25.71,340000
25.72,340000
25.73,340000
25.74,340000
25.75,341000
25.76,341000
25.77,341000
25.78,341000
25.79,341000
25.8,342000
25.81,342000
25.82,342000
25.83,342000
25.84,342000
25.85,343000
25.86,343000
25.87,343000
25.88,343000
25.89,343000
25.9,344000
25.91,344000
25.92,344000
25.93,344000
25.94,344000
25.95,345000
25.96,345000
25.97,345000
25.98,345000
25.99,345000
26,346000
26.01,346000
26.02,346000
26.03,346000
26.04,346000
26.05,347000
26.06,347000
26.07,347000
26.08,347000
26.09,348000
26.1,348000
26.11,348000
26.12,348000
26.13,348000
26.14,349000
26.15,349000
26.16,349000
26.17,349000
26.18,349000
26.19,350000
26.2,350000
26.21,350000
26.22,350000
26.23,350000
26.24,351000
26.25,351000
26.26,351000
26.27,351000
26.28,351000
26.29,352000
26.3,352000
26.31,352000
26.32,352000
26.33,352000
26.34,353000
26.35,353000
26.36,353000
26.37,353000
26.38,354000
26.39,354000
26.4,354000
26.41,354000
26.42,354000
26.43,355000
26.44,355000
26.45,355000
26.46,355000
26.47,355000
26.48,356000
26.49,356000
26.5,356000
26.51,356000
26.52,356000
26.53,357000
26.54,357000
26.55,357000
26.56,357000
26.57,358000
26.58,358000
26.59,358000
26.6,358000
26.61,358000
26.62,359000
26.63,359000
26.64,359000
26.65,359000
26.66,359000
26.67,360000
26.68,360000
26.69,360000
26.7,360000
26.71,360000
26.72,361000
26.73,361000
26.74,361000
26.75,361000
26.76,362000
26.77,362000
26.78,362000
26.79,362000
26.8,362000
26.81,363000
26.82,363000
26.83,363000
26.84,363000
26.85,363000
26.86,364000
26.87,364000
26.88,364000
26.89,364000
26.9,364000
26.91,365000
26.92,365000
26.93,365000
26.94,365000
26.95,366000
26.96,366000
26.97,366000
26.98,366000
26.99,366000
27,367000
27.01,367000
27.02,367000
27.03,367000
27.04,367000
27.05,368000
27.06,368000
27.07,368000
27.08,368000
27.09,369000
27.1,369000
27.11,369000
27.12,369000
27.13,369000
27.14,370000
27.15,370000
27.16,370000
27.17,370000
27.18,370000
27.19,371000
27.2,371000
27.21,371000
27.22,371000
27.23,372000
27.24,372000
27.25,372000
27.26,372000
27.27,372000
27.28,373000
27.29,373000
27.3,373000
27.31,373000
27.32,374000
27.33,374000
27.34,374000
27.35,374000
27.36,374000
27.37,375000
27.38,375000
27.39,375000
27.4,375000
27.41,375000
27.42,376000
27.43,376000
27.44,376000
27.45,376000
27.46,377000
27.47,377000
27.48,377000
27.49,377000
27.5,377000
27.51,378000
27.52,378000
27.53,378000
27.54,378000
27.55,379000
27.56,379000
27.57,379000
27.58,379000
27.59,379000
27.6,380000
27.61,380000
27.62,380000
27.63,380000
27.64,381000
27.65,381000
27.66,381000
27.67,381000
27.68,381000
27.69,382000
27.7,382000
27.71,382000
27.72,382000
27.73,382000
27.74,383000
27.75,383000
27.76,383000
27.77,383000
27.78,384000
27.79,384000
27.8,384000
27.81,384000
27.82,384000
27.83,385000
27.84,385000
27.85,385000
27.86,385000
27.87,386000
27.88,386000
27.89,386000
27.9,386000
27.91,386000
27.92,387000
27.93,387000
27.94,387000
27.95,387000
27.96,388000
27.97,388000
27.98,388000
27.99,388000
28,388000
28.01,389000
28.02,389000
28.03,389000
28.04,389000
28.05,390000
28.06,390000
28.07,390000
28.08,390000
28.09,390000
28.1,391000
28.11,391000
28.12,391000
28.13,391000
28.14,392000
28.15,392000
28.16,392000
28.17,392000
28.18,393000
28.19,393000
28.2,393000
28.21,393000
28.22,393000
28.23,394000
28.24,394000
28.25,394000
28.26,394000
28.27,395000
28.28,395000
28.29,395000
28.3,395000
28.31,395000
28.32,396000
28.33,396000
28.34,396000
28.35,396000
28.36,397000
28.37,397000
28.38,397000
28.39,397000
28.4,397000
28.41,398000
28.42,398000
28.43,398000
28.44,398000
28.45,399000
28.46,399000
28.47,399000
28.48,399000
28.49,400000
28.5,400000
28.51,400000
28.52,400000
28.53,400000
28.54,401000
28.55,401000
28.56,401000
28.57,401000
28.58,402000
28.59,402000
28.6,402000
28.61,402000
28.62,402000
28.63,403000
28.64,403000
28.65,403000
28.66,403000
28.67,404000
28.68,404000
28.69,404000
28.7,404000
28.71,405000
28.72,405000
28.73,405000
28.74,405000
28.75,405000
28.76,406000
28.77,406000
28.78,406000
28.79,406000
28.8,407000
28.81,407000
28.82,407000
28.83,407000
28.84,408000
28.85,408000
28.86,408000
28.87,408000
28.88,408000
28.89,409000
28.9,409000
28.91,409000
28.92,409000
28.93,410000
28.94,410000
28.95,410000
28.96,410000
28.97,411000
28.98,411000
28.99,411000
29,411000
29.01,411000
29.02,412000
29.03,412000
29.04,412000
29.05,412000
29.06,413000
29.07,413000
29.08,413000
29.09,413000
29.1,414000
29.11,414000
29.12,414000
29.13,414000
29.14,415000
29.15,415000
29.16,415000
29.17,415000
29.18,415000
29.19,416000
29.2,416000
29.21,416000
29.22,416000
29.23,417000
29.24,417000
29.25,417000
29.26,417000
29.27,418000
29.28,418000
29.29,418000
29.3,418000
29.31,419000
29.32,419000
29.33,419000
29.34,419000
29.35,419000
29.36,420000
29.37,420000
29.38,420000
29.39,420000
29.4,421000
29.41,421000
29.42,421000
29.43,421000
29.44,422000
29.45,422000
29.46,422000
29.47,422000
29.48,423000
29.49,423000
29.5,423000
29.51,423000
29.52,423000
29.53,424000
29.54,424000
29.55,424000
29.56,424000
29.57,425000
29.58,425000
29.59,425000
29.6,425000
29.61,426000
29.62,426000
29.63,426000
29.64,426000
29.65,427000
29.66,427000
29.67,427000
29.68,427000
29.69,428000
29.7,428000
29.71,428000
29.72,428000
29.73,428000
29.74,429000
29.75,429000
29.76,429000
29.77,429000
29.78,430000
29.79,430000
29.8,430000
29.81,430000
29.82,431000
29.83,431000
29.84,431000
29.85,431000
29.86,432000
29.87,432000
29.88,432000
29.89,432000
29.9,433000
29.91,433000
29.92,433000
29.93,433000
29.94,434000
29.95,434000
29.96,434000
29.97,434000
29.98,435000
29.99,435000
30,435000
30.01,435000
30.02,435000
30.03,436000
30.04,436000
30.05,436000
30.06,436000
30.07,437000
30.08,437000
30.09,437000
30.1,437000
30.11,438000
30.12,438000
30.13,438000
30.14,438000
30.15,439000
30.16,439000
30.17,439000
30.18,440000
30.19,440000
30.2,440000
30.21,440000
30.22,441000
30.23,441000
30.24,441000
30.25,441000
30.26,442000
30.27,442000
30.28,442000
30.29,442000
30.3,443000
30.31,443000
30.32,443000
30.33,443000
30.34,444000
30.35,444000
30.36,444000
30.37,444000
30.38,445000
30.39,445000
30.4,445000
30.41,445000
30.42,446000
30.43,446000
30.44,446000
30.45,446000
30.46,447000
30.47,447000
30.48,447000
30.49,447000
30.5,448000
30.51,448000
30.52,448000
30.53,448000
30.54,449000
30.55,449000
30.56,449000
30.57,449000
30.58,450000
30.59,450000
30.6,450000
30.61,450000
30.62,451000
30.63,451000
30.64,451000
30.65,451000
30.66,452000
30.67,452000
30.68,452000
30.69,452000
30.7,453000
30.71,453000
30.72,453000
30.73,453000
30.74,454000
30.75,454000
30.76,454000
30.77,455000
30.78,455000
30.79,455000
30.8,455000
30.81,456000
30.82,456000
30.83,456000
30.84,456000
30.85,457000
30.86,457000
30.87,457000
30.88,457000
30.89,458000
30.9,458000
30.91,458000
30.92,458000
30.93,459000
30.94,459000
30.95,459000
30.96,459000
30.97,460000
30.98,460000
30.99,460000
31,460000
31.01,461000
31.02,461000
31.03,461000
31.04,461000
31.05,462000
31.06,462000
31.07,462000
31.08,463000
31.09,463000
31.1,463000
31.11,463000
31.12,464000
31.13,464000
31.14,464000
31.15,464000
31.16,465000
31.17,465000
31.18,465000
31.19,465000
31.2,466000
31.21,466000
31.22,466000
31.23,466000
31.24,467000
31.25,467000
31.26,467000
31.27,468000
31.28,468000
31.29,468000
31.3,468000
31.31,469000
31.32,469000
31.33,469000
31.34,469000
31.35,470000
31.36,470000
31.37,470000
31.38,470000
31.39,471000
31.4,471000
31.41,471000
31.42,471000
31.43,472000
31.44,472000
31.45,472000
31.46,473000
31.47,473000
31.48,473000
31.49,473000
31.5,474000
31.51,474000
31.52,474000
31.53,474000
31.54,475000
31.55,475000
31.56,475000
31.57,475000
31.58,476000
31.59,476000
31.6,476000
31.61,476000
31.62,477000
31.63,477000
31.64,477000
31.65,478000
31.66,478000
31.67,478000
31.68,478000
31.69,479000
31.7,479000
31.71,479000
31.72,479000
31.73,480000
31.74,480000
31.75,480000
31.76,481000
31.77,481000
31.78,481000
31.79,481000
31.8,482000
31.81,482000
31.82,482000
31.83,482000
31.84,483000
31.85,483000
31.86,483000
31.87,483000
31.88,484000
31.89,484000
31.9,484000
31.91,485000
31.92,485000
31.93,485000
31.94,485000
31.95,486000
31.96,486000
31.97,486000
31.98,486000
31.99,487000
32,487000
32.01,487000
32.02,488000
32.03,488000
32.04,488000
32.05,488000
32.06,489000
32.07,489000
32.08,489000
32.09,489000
32.1,490000
32.11,490000
32.12,490000
32.13,490000
32.14,491000
32.15,491000
32.16,491000
32.17,492000
32.18,492000
32.19,492000
32.2,492000
32.21,493000
32.22,493000
32.23,493000
32.24,493000
32.25,494000
32.26,494000
32.27,494000
32.28,495000
32.29,495000
32.3,495000
32.31,495000
32.32,496000
32.33,496000
32.34,496000
32.35,497000
32.36,497000
32.37,497000
32.38,497000
32.39,498000
32.4,498000
32.41,498000
32.42,498000
32.43,499000
32.44,499000
32.45,499000
32.46,500000
32.47,500000
32.48,500000
32.49,500000
32.5,501000
32.51,501000
32.52,501000
32.53,501000
32.54,502000
32.55,502000
32.56,502000
32.57,503000
32.58,503000
32.59,503000
32.6,503000
32.61,504000
32.62,504000
32.63,504000
32.64,505000
32.65,505000
32.66,505000
32.67,505000
32.68,506000
32.69,506000
32.7,506000
32.71,506000
32.72,507000
32.73,507000
32.74,507000
32.75,508000
32.76,508000
32.77,508000
32.78,508000
32.79,509000
32.8,509000
32.81,509000
32.82,510000
32.83,510000
32.84,510000
32.85,510000
32.86,511000
32.87,511000
32.88,511000
32.89,511000
32.9,512000
32.91,512000
32.92,512000
32.93,513000
32.94,513000
32.95,513000
32.96,513000
32.97,514000
32.98,514000
32.99,514000
33,515000
33.01,515000
33.02,515000
33.03,515000
33.04,516000
33.05,516000
33.06,516000
33.07,517000
33.08,517000
33.09,517000
33.1,517000
33.11,518000
33.12,518000
33.13,518000
33.14,519000
33.15,519000
33.16,519000
33.17,519000
33.18,520000
33.19,520000
33.2,520000
33.21,521000
33.22,521000
33.23,521000
33.24,521000
33.25,522000
33.26,522000
33.27,522000
33.28,523000
33.29,523000
33.3,523000
33.31,523000
33.32,524000
33.33,524000
33.34,524000
33.35,525000
33.36,525000
33.37,525000
33.38,525000
33.39,526000
33.4,526000
33.41,526000
33.42,527000
33.43,527000
33.44,527000
33.45,527000
33.46,528000
33.47,528000
33.48,528000
33.49,529000
33.5,529000
33.51,529000
33.52,529000
33.53,530000
33.54,530000
33.55,530000
33.56,531000
33.57,531000
33.58,531000
33.59,531000
33.6,532000
33.61,532000
33.62,532000
33.63,533000
33.64,533000
33.65,533000
33.66,533000
33.67,534000
33.68,534000
33.69,534000
33.7,535000
33.71,535000
33.72,535000
33.73,535000
33.74,536000
33.75,536000
33.76,536000
33.77,537000
33.78,537000
33.79,537000
33.8,537000
33.81,538000
33.82,538000
33.83,538000
33.84,539000
33.85,539000
33.86,539000
33.87,540000
33.88,540000
33.89,540000
33.9,540000
33.91,541000
33.92,541000
33.93,541000
33.94,542000
33.95,542000
33.96,542000
33.97,542000
33.98,543000
33.99,543000
34,543000
34.01,544000
34.02,544000
34.03,544000
34.04,545000
34.05,545000
34.06,545000
34.07,545000
34.08,546000
34.09,546000
34.1,546000
34.11,547000
34.12,547000
34.13,547000
34.14,547000
34.15,548000
34.16,548000
34.17,548000
34.18,549000
34.19,549000
34.2,549000
34.21,550000
34.22,550000
34.23,550000
34.24,550000
34.25,551000
34.26,551000
34.27,551000
34.28,552000
34.29,552000
34.3,552000
34.31,552000
34.32,553000
34.33,553000
34.34,553000
34.35,554000
34.36,554000
34.37,554000
34.38,555000
34.39,555000
34.4,555000
34.41,555000
34.42,556000
34.43,556000
34.44,556000
34.45,557000
34.46,557000
34.47,557000
34.48,558000
34.49,558000
34.5,558000
34.51,558000
34.52,559000
34.53,559000
34.54,559000
34.55,560000
34.56,560000
34.57,560000
34.58,561000
34.59,561000
34.6,561000
34.61,561000
34.62,562000
34.63,562000
34.64,562000
34.65,563000
34.66,563000
34.67,563000
34.68,564000
34.69,564000
34.7,564000
34.71,564000
34.72,565000
34.73,565000
34.74,565000
34.75,566000
34.76,566000
34.77,566000
34.78,567000
34.79,567000
34.8,567000
34.81,567000
34.82,568000
34.83,568000
34.84,568000
34.85,569000
34.86,569000
34.87,569000
34.88,570000
34.89,570000
34.9,570000
34.91,571000
34.92,571000
34.93,571000
34.94,571000
34.95,572000
34.96,572000
34.97,572000
34.98,573000
34.99,573000
35,573000
35.01,574000
35.02,574000
35.03,574000
35.04,574000
35.05,575000
35.06,575000
35.07,575000
35.08,576000
35.09,576000
35.1,576000
35.11,577000
35.12,577000
35.13,577000
35.14,578000
35.15,578000
35.16,578000
35.17,578000
35.18,579000
35.19,579000
35.2,579000
35.21,580000
35.22,580000
35.23,580000
35.24,581000
35.25,581000
35.26,581000
35.27,582000
35.28,582000
35.29,582000
35.3,582000
35.31,583000
35.32,583000
35.33,583000
35.34,584000
35.35,584000
35.36,584000
35.37,585000
35.38,585000
35.39,585000
35.4,586000
35.41,586000
35.42,586000
35.43,586000
35.44,587000
35.45,587000
35.46,587000
35.47,588000
35.48,588000
35.49,588000
35.5,589000
35.51,589000
35.52,589000
35.53,590000
35.54,590000
35.55,590000
35.56,591000
35.57,591000
35.58,591000
35.59,591000
35.6,592000
35.61,592000
35.62,592000
35.63,593000
35.64,593000
35.65,593000
35.66,594000
35.67,594000
35.68,594000
35.69,595000
35.7,595000
35.71,595000
35.72,596000
35.73,596000
35.74,596000
35.75,596000
35.76,597000
35.77,597000
35.78,597000
35.79,598000
35.8,598000
35.81,598000
35.82,599000
35.83,599000
35.84,599000
35.85,600000
35.86,600000
35.87,600000
35.88,601000
35.89,601000
35.9,601000
35.91,601000
35.92,602000
35.93,602000
35.94,602000
35.95,603000
35.96,603000
35.97,603000
35.98,604000
35.99,604000
36,604000
36.01,605000
36.02,605000
36.03,605000
36.04,606000
36.05,606000
36.06,606000
36.07,607000
36.08,607000
36.09,607000
36.1,608000
36.11,608000
36.12,608000
36.13,608000
36.14,609000
36.15,609000
36.16,609000
36.17,610000
36.18,610000
36.19,610000
36.2,611000
36.21,611000
36.22,611000
36.23,612000
36.24,612000
36.25,612000
36.26,613000
36.27,613000
36.28,613000
36.29,614000
36.3,614000
36.31,614000
36.32,615000
36.33,615000
36.34,615000
36.35,616000
36.36,616000
36.37,616000
36.38,616000
36.39,617000
36.4,617000
36.41,617000
36.42,618000
36.43,618000
36.44,618000
36.45,619000
36.46,619000
36.47,619000
36.48,620000
36.49,620000
36.5,620000
36.51,621000
36.52,621000
36.53,621000
36.54,622000
36.55,622000
36.56,622000
36.57,623000
36.58,623000
36.59,623000
36.6,624000
36.61,624000
36.62,624000
36.63,625000
36.64,625000
36.65,625000
36.66,626000
36.67,626000
36.68,626000
36.69,626000
36.7,627000
36.71,627000
36.72,627000
36.73,628000
36.74,628000
36.75,628000
36.76,629000
36.77,629000
36.78,629000
36.79,630000
36.8,630000
36.81,630000
36.82,631000
36.83,631000
36.84,631000
36.85,632000
36.86,632000
36.87,632000
36.88,633000
36.89,633000
36.9,633000
36.91,634000
36.92,634000
36.93,634000
36.94,635000
36.95,635000
36.96,635000
36.97,636000
36.98,636000
36.99,636000
37,637000
37.01,637000
37.02,637000
37.03,638000
37.04,638000
37.05,638000
37.06,639000
37.07,639000
37.08,639000
37.09,640000
37.1,640000
37.11,640000
37.12,641000
37.13,641000
37.14,641000
37.15,642000
37.16,642000
37.17,642000
37.18,643000
37.19,643000
37.2,643000
37.21,644000
37.22,644000
37.23,644000
37.24,645000
37.25,645000
37.26,645000
37.27,646000
37.28,646000
37.29,646000
37.3,647000
37.31,647000
37.32,647000
37.33,648000
37.34,648000
37.35,648000
37.36,649000
37.37,649000
37.38,649000
37.39,650000
37.4,650000
37.41,650000
37.42,651000
37.43,651000
37.44,651000
37.45,652000
37.46,652000
37.47,652000
37.48,653000
37.49,653000
37.5,653000
37.51,654000
37.52,654000
37.53,654000
37.54,655000
37.55,655000
37.56,655000
37.57,656000
37.58,656000
37.59,656000
37.6,657000
37.61,657000
37.62,657000
37.63,658000
37.64,658000
37.65,658000
37.66,659000
37.67,659000
37.68,659000
37.69,660000
37.7,660000
37.71,660000
37.72,661000
37.73,661000
37.74,661000
37.75,661000
37.76,662000
37.77,662000
37.78,662000
37.79,663000
37.8,663000
37.81,663000
37.82,663000
37.83,664000
37.84,664000
37.85,664000
37.86,665000
37.87,665000
37.88,665000
37.89,665000
37.9,666000
37.91,666000
37.92,666000
37.93,667000
37.94,667000
37.95,667000
37.96,668000
37.97,668000
37.98,668000
37.99,668000
38,669000
38.01,669000
38.02,669000
38.03,670000
38.04,670000
38.05,670000
38.06,670000
38.07,671000
38.08,671000
38.09,671000
38.1,672000
38.11,672000
38.12,672000
38.13,672000
38.14,673000
38.15,673000
38.16,673000
38.17,674000
38.18,674000
38.19,674000
38.2,675000
38.21,675000
38.22,675000
38.23,675000
38.24,676000
38.25,676000
38.26,676000
38.27,677000
38.28,677000
38.29,677000
38.3,677000
38.31,678000
38.32,678000
38.33,678000
38.34,679000
38.35,679000
38.36,679000
38.37,680000
38.38,680000
38.39,680000
38.4,680000
38.41,681000
38.42,681000
38.43,681000
38.44,682000
38.45,682000
38.46,682000
38.47,682000
38.48,683000
38.49,683000
38.5,683000
38.51,684000
38.52,684000
38.53,684000
38.54,685000
38.55,685000
38.56,685000
38.57,685000
38.58,686000
38.59,686000
38.6,686000
38.61,687000
38.62,687000
38.63,687000
38.64,688000
38.65,688000
38.66,688000
38.67,688000
38.68,689000
38.69,689000
38.7,689000
38.71,690000
38.72,690000
38.73,690000
38.74,690000
38.75,691000
38.76,691000
38.77,691000
38.78,692000
38.79,692000
38.8,692000
38.81,693000
38.82,693000
38.83,693000
38.84,693000
38.85,694000
38.86,694000
38.87,694000
38.88,695000
38.89,695000
38.9,695000
38.91,696000
38.92,696000
38.93,696000
38.94,696000
38.95,697000
38.96,697000
38.97,697000
38.98,698000
38.99,698000
39,698000
39.01,699000
39.02,699000
39.03,699000
39.04,699000
39.05,700000
39.06,700000
39.07,700000
39.08,701000
39.09,701000
39.1,701000
39.11,702000
39.12,702000
39.13,702000
39.14,702000
39.15,703000
39.16,703000
39.17,703000
39.18,704000
39.19,704000
39.2,704000
39.21,705000
39.22,705000
39.23,705000
39.24,705000
39.25,706000
39.26,706000
39.27,706000
39.28,707000
39.29,707000
39.3,707000
39.31,708000
39.32,708000
39.33,708000
39.34,708000
39.35,709000
39.36,709000
39.37,709000
39.38,710000
39.39,710000
39.4,710000
39.41,711000
39.42,711000
39.43,711000
39.44,712000
39.45,712000
39.46,712000
39.47,712000
39.48,713000
39.49,713000
39.5,713000
39.51,714000
39.52,714000
39.53,714000
39.54,715000
39.55,715000
39.56,715000
39.57,715000
39.58,716000
39.59,716000
39.6,716000
39.61,717000
39.62,717000
39.63,717000
39.64,718000
39.65,718000
39.66,718000
39.67,719000
39.68,719000
39.69,719000
39.7,719000
39.71,720000
39.72,720000
39.73,720000
39.74,721000
39.75,721000
39.76,721000
39.77,722000
39.78,722000
39.79,722000
39.8,723000
39.81,723000
39.82,723000
39.83,723000
39.84,724000
39.85,724000
39.86,724000
39.87,725000
39.88,725000
39.89,725000
39.9,726000
39.91,726000
39.92,726000
39.93,727000
39.94,727000
39.95,727000
39.96,727000
39.97,728000
39.98,728000
39.99,728000
40,729000
40.01,729000
40.02,729000
40.03,730000
40.04,730000
40.05,730000
40.06,731000
40.07,731000
40.08,731000
40.09,731000
40.1,732000
40.11,732000
40.12,732000
40.13,733000
40.14,733000
40.15,733000
40.16,734000
40.17,734000
40.18,734000
40.19,735000
40.2,735000
40.21,735000
40.22,735000
40.23,736000
40.24,736000
40.25,736000
40.26,737000
40.27,737000
40.28,737000
40.29,738000
40.3,738000
40.31,738000
40.32,739000
40.33,739000
40.34,739000
40.35,740000
40.36,740000
40.37,740000
40.38,740000
40.39,741000
40.4,741000
40.41,741000
40.42,742000
40.43,742000
40.44,742000
40.45,743000
40.46,743000
40.47,743000
40.48,744000
40.49,744000
40.5,744000
40.51,745000
40.52,745000
40.53,745000
40.54,745000
40.55,746000
40.56,746000
40.57,746000
40.58,747000
40.59,747000
40.6,747000
40.61,748000
40.62,748000
40.63,748000
40.64,749000
40.65,749000
40.66,749000
40.67,750000
40.68,750000
40.69,750000
40.7,751000
40.71,751000
40.72,751000
40.73,751000
40.74,752000
40.75,752000
40.76,752000
40.77,753000
40.78,753000
40.79,753000
40.8,754000
40.81,754000
40.82,754000
40.83,755000
40.84,755000
40.85,755000
40.86,756000
40.87,756000
40.88,756000
40.89,757000
40.9,757000
40.91,757000
40.92,757000
40.93,758000
40.94,758000
40.95,758000
40.96,759000
40.97,759000
40.98,759000
40.99,760000
41,760000
41.01,760000
41.02,761000
41.03,761000
41.04,762000
41.05,762000
41.06,762000
41.07,763000
41.08,763000
41.09,763000
41.1,764000
41.11,764000
41.12,765000
41.13,765000
41.14,765000
41.15,766000
41.16,766000
41.17,767000
41.18,767000
41.19,767000
41.2,768000
41.21,768000
41.22,769000
41.23,769000
41.24,769000
41.25,770000
41.26,770000
41.27,770000
41.28,771000
41.29,771000
41.3,772000
41.31,772000
41.32,772000
41.33,773000
41.34,773000
41.35,774000
41.36,774000
41.37,774000
41.38,775000
41.39,775000
41.4,776000
41.41,776000
41.42,776000
41.43,777000
41.44,777000
41.45,777000
41.46,778000
41.47,778000
41.48,779000
41.49,779000
41.5,779000
41.51,780000
41.52,780000
41.53,781000
41.54,781000
41.55,781000
41.56,782000
41.57,782000
41.58,783000
41.59,783000
41.6,783000
41.61,784000
41.62,784000
41.63,785000
41.64,785000
41.65,785000
41.66,786000
41.67,786000
41.68,787000
41.69,787000
41.7,787000
41.71,788000
41.72,788000
41.73,789000
41.74,789000
41.75,789000
41.76,790000
41.77,790000
41.78,790000
41.79,791000
41.8,791000
41.81,792000
41.82,792000
41.83,792000
41.84,793000
41.85,793000
41.86,794000
41.87,794000
41.88,794000
41.89,795000
41.9,795000
41.91,796000
41.92,796000
41.93,796000
41.94,797000
41.95,797000
41.96,798000
41.97,798000
41.98,798000
41.99,799000
42,799000
42.01,800000
42.02,800000
42.03,800000
42.04,801000
42.05,801000
42.06,802000
42.07,802000
42.08,802000
42.09,803000
42.1,803000
42.11,804000
42.12,804000
42.13,804000
42.14,805000
42.15,805000
42.16,806000
42.17,806000
42.18,806000
42.19,807000
42.2,807000
42.21,808000
42.22,808000
42.23,808000
42.24,809000
42.25,809000
42.26,810000
42.27,810000
42.28,811000
42.29,811000
42.3,811000
42.31,812000
42.32,812000
42.33,813000
42.34,813000
42.35,813000
42.36,814000
42.37,814000
42.38,815000
42.39,815000
42.4,815000
42.41,816000
42.42,816000
42.43,817000
42.44,817000
42.45,817000
42.46,818000
42.47,818000
42.48,819000
42.49,819000
42.5,819000
42.51,820000
42.52,820000
42.53,821000
42.54,821000
42.55,821000
42.56,822000
42.57,822000
42.58,823000
42.59,823000
42.6,824000
42.61,824000
42.62,824000
42.63,825000
42.64,825000
42.65,826000
42.66,826000
42.67,826000
42.68,827000
42.69,827000
42.7,828000
42.71,828000
42.72,828000
42.73,829000
42.74,829000
42.75,830000
42.76,830000
42.77,830000
42.78,831000
42.79,831000
42.8,832000
42.81,832000
42.82,833000
42.83,833000
42.84,833000
42.85,834000
42.86,834000
42.87,835000
42.88,835000
42.89,835000
42.9,836000
42.91,836000
42.92,837000
42.93,837000
42.94,838000
42.95,838000
42.96,838000
42.97,839000
42.98,839000
42.99,840000
43,840000
43.01,841000
43.02,841000
43.03,842000
43.04,842000
43.05,843000
43.06,843000
43.07,844000
43.08,844000
43.09,845000
43.1,845000
43.11,846000
43.12,846000
43.13,847000
43.14,847000
43.15,848000
43.16,848000
43.17,849000
43.18,849000
43.19,850000
43.2,851000
43.21,851000
43.22,852000
43.23,852000
43.24,853000
43.25,853000
43.26,854000
43.27,854000
43.28,855000
43.29,855000
43.3,856000
43.31,856000
43.32,857000
43.33,857000
43.34,858000
43.35,858000
43.36,859000
43.37,860000
43.38,860000
43.39,861000
43.4,861000
43.41,862000
43.42,862000
43.43,863000
43.44,863000
43.45,864000
43.46,864000
43.47,865000
43.48,865000
43.49,866000
43.5,866000
43.51,867000
43.52,868000
43.53,868000
43.54,869000
43.55,869000
43.56,870000
43.57,870000
43.58,871000
43.59,871000
43.6,872000
43.61,872000
43.62,873000
43.63,873000
43.64,874000
43.65,875000
43.66,875000
43.67,876000
43.68,876000
43.69,877000
43.7,877000
43.71,878000
43.72,878000
43.73,879000
43.74,879000
43.75,880000
43.76,881000
43.77,881000
43.78,882000
43.79,882000
43.8,883000
43.81,883000
43.82,884000
43.83,884000
43.84,885000
43.85,885000
43.86,886000
43.87,887000
43.88,887000
43.89,888000
43.9,888000
43.91,889000
43.92,889000
43.93,890000
43.94,890000
43.95,891000
43.96,891000
43.97,892000
43.98,893000
43.99,893000
44,894000
44.01,894000
44.02,895000
44.03,895000
44.04,896000
44.05,896000
44.06,897000
44.07,898000
44.08,898000
44.09,899000
44.1,899000
44.11,900000
44.12,900000
44.13,901000
44.14,901000
44.15,902000
44.16,902000
44.17,903000
44.18,904000
44.19,904000
44.2,905000
44.21,905000
44.22,906000
44.23,906000
44.24,907000
44.25,907000
44.26,908000
44.27,909000
44.28,909000
44.29,910000
44.3,910000
44.31,911000
44.32,911000
44.33,912000
44.34,913000
44.35,913000
44.36,914000
44.37,914000
44.38,915000
44.39,915000
44.4,916000
44.41,916000
44.42,917000
44.43,918000
44.44,918000
44.45,919000
44.46,919000
44.47,920000
44.48,920000
44.49,921000
44.5,921000
44.51,922000
44.52,923000
44.53,923000
44.54,924000
44.55,924000
44.56,925000
44.57,925000
44.58,926000
44.59,927000
44.6,927000
44.61,928000
44.62,928000
44.63,929000
44.64,929000
44.65,930000
44.66,931000
44.67,931000
44.68,932000
44.69,932000
44.7,933000
44.71,933000
44.72,934000
44.73,935000
44.74,935000
44.75,936000
44.76,936000
44.77,937000
44.78,937000
44.79,938000
44.8,939000
44.81,939000
44.82,940000
44.83,940000
44.84,941000
44.85,941000
44.86,942000
44.87,943000
44.88,943000
44.89,944000
44.9,944000
44.91,945000
44.92,945000
44.93,946000
44.94,947000
44.95,947000
44.96,948000
44.97,948000
44.98,949000
44.99,949000
45,950000
45.01,950000
45.02,951000
45.03,951000
45.04,952000
45.05,952000
45.06,953000
45.07,953000
45.08,954000
45.09,954000
45.1,955000
45.11,955000
45.12,956000
45.13,956000
45.14,957000
45.15,957000
45.16,958000
45.17,958000
45.18,959000
45.19,959000
45.2,960000
45.21,960000
45.22,961000
45.23,961000
45.24,962000
45.25,962000
45.26,963000
45.27,963000
45.28,964000
45.29,964000
45.3,965000
45.31,965000
45.32,966000
45.33,966000
45.34,967000
45.35,967000
45.36,968000
45.37,968000
45.38,969000
45.39,969000
45.4,970000
45.41,970000
45.42,971000
45.43,971000
45.44,972000
45.45,972000
45.46,973000
45.47,973000
45.48,974000
45.49,974000
45.5,975000
45.51,975000
45.52,976000
45.53,976000
45.54,977000
45.55,977000
45.56,978000
45.57,978000
45.58,979000
45.59,979000
45.6,980000
45.61,980000
45.62,981000
45.63,981000
45.64,982000
45.65,982000
45.66,983000
45.67,983000
45.68,984000
45.69,984000
45.7,985000
45.71,985000
45.72,986000
45.73,986000
45.74,987000
45.75,987000
45.76,988000
45.77,988000
45.78,989000
45.79,989000
45.8,990000
45.81,990000
45.82,991000
45.83,991000
45.84,992000
45.85,992000
45.86,993000
45.87,993000
45.88,994000
45.89,994000
45.9,995000
45.91,995000
45.92,996000
45.93,996000
45.94,997000
45.95,997000
45.96,998000
45.97,998000
45.98,999000
45.99,999000
46,1000000
46.01,1000000
46.02,1000000
46.03,1000000
46.04,1000000
46.05,1000000
46.06,1000000
46.07,1000000
46.08,1000000
46.09,1000000
46.1,1010000
46.11,1010000
46.12,1010000
46.13,1010000
46.14,1010000
46.15,1010000
46.16,1010000
46.17,1010000
46.18,1010000
46.19,1010000
46.2,1010000
46.21,1010000
46.22,1010000
46.23,1010000
46.24,1010000
46.25,1010000
46.26,1010000
46.27,1010000
46.28,1010000
46.29,1020000
46.3,1020000
46.31,1020000
46.32,1020000
46.33,1020000
46.34,1020000
46.35,1020000
46.36,1020000
46.37,1020000
46.38,1020000
46.39,1020000
46.4,1020000
46.41,1020000
46.42,1020000
46.43,1020000
46.44,1020000
46.45,1020000
46.46,1020000
46.47,1030000
46.48,1030000
46.49,1030000
46.5,1030000
46.51,1030000
46.52,1030000
46.53,1030000
46.54,1030000
46.55,1030000
46.56,1030000
46.57,1030000
46.58,1030000
46.59,1030000
46.6,1030000
46.61,1030000
46.62,1030000
46.63,1030000
46.64,1030000
46.65,1040000
46.66,1040000
46.67,1040000
46.68,1040000
46.69,1040000
46.7,1040000
46.71,1040000
46.72,1040000
46.73,1040000
46.74,1040000
46.75,1040000
46.76,1040000
46.77,1040000
46.78,1040000
46.79,1040000
46.8,1040000
46.81,1040000
46.82,1040000
46.83,1040000
46.84,1050000
46.85,1050000
46.86,1050000
46.87,1050000
46.88,1050000
46.89,1050000
46.9,1050000
46.91,1050000
46.92,1050000
46.93,1050000
46.94,1050000
46.95,1050000
46.96,1050000
46.97,1050000
46.98,1050000
46.99,1050000
47,1050000
47.01,1050000
47.02,1060000
47.03,1060000
47.04,1060000
47.05,1060000
47.06,1060000
47.07,1060000
47.08,1060000
47.09,1060000
47.1,1060000
47.11,1060000
47.12,1060000
47.13,1060000
47.14,1060000
47.15,1060000
47.16,1060000
47.17,1060000
47.18,1060000
47.19,1060000
47.2,1070000
47.21,1070000
47.22,1070000
47.23,1070000
47.24,1070000
47.25,1070000
47.26,1070000
47.27,1070000
47.28,1070000
47.29,1070000
47.3,1070000
47.31,1070000
47.32,1070000
47.33,1070000
47.34,1070000
47.35,1070000
47.36,1070000
47.37,1070000
47.38,1080000
47.39,1080000
47.4,1080000
47.41,1080000
47.42,1080000
47.43,1080000
47.44,1080000
47.45,1080000
47.46,1080000
47.47,1080000
47.48,1080000
47.49,1080000
47.5,1080000
47.51,1080000
47.52,1080000
47.53,1080000
47.54,1080000
47.55,1090000
47.56,1090000
47.57,1090000
47.58,1090000
47.59,1090000
47.6,1090000
47.61,1090000
47.62,1090000
47.63,1090000
47.64,1090000
47.65,1090000
47.66,1090000
47.67,1090000
47.68,1090000
47.69,1090000
47.7,1090000
47.71,1090000
47.72,1090000
47.73,1100000
47.74,1100000
47.75,1100000
47.76,1100000
47.77,1100000
47.78,1100000
47.79,1100000
47.8,1100000
47.81,1100000
47.82,1100000
47.83,1100000
47.84,1100000
47.85,1100000
47.86,1100000
47.87,1100000
47.88,1100000
47.89,1100000
47.9,1110000
47.91,1110000
47.92,1110000
47.93,1110000
47.94,1110000
47.95,1110000
47.96,1110000
47.97,1110000
47.98,1110000
47.99,1110000
48,1110000
48.01,1110000
48.02,1110000
48.03,1110000
48.04,1110000
48.05,1110000
48.06,1110000
48.07,1110000
48.08,1120000
48.09,1120000
48.1,1120000
48.11,1120000
48.12,1120000
48.13,1120000
48.14,1120000
48.15,1120000
48.16,1120000
48.17,1120000
48.18,1120000
48.19,1120000
48.2,1120000
48.21,1120000
48.22,1120000
48.23,1120000
48.24,1120000
48.25,1130000
48.26,1130000
48.27,1130000
48.28,1130000
48.29,1130000
48.3,1130000
48.31,1130000
48.32,1130000
48.33,1130000
48.34,1130000
48.35,1130000
48.36,1130000
48.37,1130000
48.38,1130000
48.39,1130000
48.4,1130000
48.41,1130000
48.42,1140000
48.43,1140000
48.44,1140000
48.45,1140000
48.46,1140000
48.47,1140000
48.48,1140000
48.49,1140000
48.5,1140000
48.51,1140000
48.52,1140000
48.53,1140000
48.54,1140000
48.55,1140000
48.56,1140000
48.57,1140000
48.58,1140000
48.59,1150000
48.6,1150000
48.61,1150000
48.62,1150000
48.63,1150000
48.64,1150000
48.65,1150000
48.66,1150000
48.67,1150000
48.68,1150000
48.69,1150000
48.7,1150000
48.71,1150000
48.72,1150000
48.73,1150000
48.74,1150000
48.75,1150000
48.76,1160000
48.77,1160000
48.78,1160000
48.79,1160000
48.8,1160000
48.81,1160000
48.82,1160000
48.83,1160000
48.84,1160000
48.85,1160000
48.86,1160000
48.87,1160000
48.88,1160000
48.89,1160000
48.9,1160000
48.91,1160000
48.92,1160000
48.93,1170000
48.94,1170000
48.95,1170000
48.96,1170000
48.97,1170000
48.98,1170000
48.99,1170000
49,1170000
49.01,1170000
49.02,1170000
49.03,1170000
49.04,1170000
49.05,1170000
49.06,1170000
49.07,1170000
49.08,1170000
49.09,1180000
49.1,1180000
49.11,1180000
49.12,1180000
49.13,1180000
49.14,1180000
49.15,1180000
49.16,1180000
49.17,1180000
49.18,1180000
49.19,1180000
49.2,1180000
49.21,1180000
49.22,1180000
49.23,1180000
49.24,1180000
49.25,1180000
49.26,1190000
49.27,1190000
49.28,1190000
49.29,1190000
49.3,1190000
49.31,1190000
49.32,1190000
49.33,1190000
49.34,1190000
49.35,1190000
49.36,1190000
49.37,1190000
49.38,1190000
49.39,1190000
49.4,1190000
49.41,1190000
49.42,1200000
49.43,1200000
49.44,1200000
49.45,1200000
49.46,1200000
49.47,1200000
49.48,1200000
49.49,1200000
49.5,1200000
