time,init_utc,cycle,basin,mm_6h
2018-12-18T18:00:00+00:00,2018-11-30T00:00:00+00:00,00,HUC2_07_UpperMiss,0.0013085158207046983
2018-12-18T18:00:00+00:00,2018-11-30T00:00:00+00:00,00,HUC2_10_Missouri,0.00030563855358906516
2018-12-19T00:00:00+00:00,2018-11-30T06:00:00+00:00,06,HUC2_07_UpperMiss,0.0003071407405140538
2018-12-19T00:00:00+00:00,2018-11-30T06:00:00+00:00,06,HUC2_10_Missouri,0.00025128842088093206
2018-12-19T06:00:00+00:00,2018-11-30T12:00:00+00:00,12,HUC2_07_UpperMiss,0.0002097813999136093
2018-12-19T06:00:00+00:00,2018-11-30T12:00:00+00:00,12,HUC2_10_Missouri,0.0002252431485045073
2018-12-19T12:00:00+00:00,2018-11-30T18:00:00+00:00,18,HUC2_07_UpperMiss,2.504751047111189e-05
2018-12-19T12:00:00+00:00,2018-11-30T18:00:00+00:00,18,HUC2_10_Missouri,5.615955097468845e-05
2018-12-19T18:00:00+00:00,2018-12-01T00:00:00+00:00,00,HUC2_07_UpperMiss,1.4540828200559068e-05
2018-12-19T18:00:00+00:00,2018-12-01T00:00:00+00:00,00,HUC2_10_Missouri,3.654700431558461e-05
2018-12-20T00:00:00+00:00,2018-12-01T06:00:00+00:00,06,HUC2_07_UpperMiss,0.00015657142544910852
2018-12-20T00:00:00+00:00,2018-12-01T06:00:00+00:00,06,HUC2_10_Missouri,0.0009287277834789532
2018-12-20T06:00:00+00:00,2018-12-01T12:00:00+00:00,12,HUC2_07_UpperMiss,0.00025371854984681174
2018-12-20T06:00:00+00:00,2018-12-01T12:00:00+00:00,12,HUC2_10_Missouri,0.00021131453605002684
2018-12-20T12:00:00+00:00,2018-12-01T18:00:00+00:00,18,HUC2_07_UpperMiss,0.0002859713110960977
2018-12-20T12:00:00+00:00,2018-12-01T18:00:00+00:00,18,HUC2_10_Missouri,0.0010672912305940507
2018-12-20T18:00:00+00:00,2018-12-02T00:00:00+00:00,00,HUC2_07_UpperMiss,0.00035240814424714365
2018-12-20T18:00:00+00:00,2018-12-02T00:00:00+00:00,00,HUC2_10_Missouri,0.00014154784884257488
2018-12-21T00:00:00+00:00,2018-12-02T06:00:00+00:00,06,HUC2_07_UpperMiss,6.857615052899418e-06
2018-12-21T00:00:00+00:00,2018-12-02T06:00:00+00:00,06,HUC2_10_Missouri,0.00016401984988785546
2018-12-21T06:00:00+00:00,2018-12-02T12:00:00+00:00,12,HUC2_07_UpperMiss,5.110130224599645e-05
2018-12-21T06:00:00+00:00,2018-12-02T12:00:00+00:00,12,HUC2_10_Missouri,3.4826778753766586e-05
2018-12-21T12:00:00+00:00,2018-12-02T18:00:00+00:00,18,HUC2_07_UpperMiss,5.719652039882124e-06
2018-12-21T12:00:00+00:00,2018-12-02T18:00:00+00:00,18,HUC2_10_Missouri,0.00018984012486568142
2018-12-21T18:00:00+00:00,2018-12-03T00:00:00+00:00,00,HUC2_07_UpperMiss,6.551661030569253e-05
2018-12-21T18:00:00+00:00,2018-12-03T00:00:00+00:00,00,HUC2_10_Missouri,5.270171422012961e-05
2018-12-22T00:00:00+00:00,2018-12-03T06:00:00+00:00,06,HUC2_07_UpperMiss,5.804192225133881e-05
2018-12-22T00:00:00+00:00,2018-12-03T06:00:00+00:00,06,HUC2_10_Missouri,0.00021658206474439091
2018-12-22T06:00:00+00:00,2018-12-03T12:00:00+00:00,12,HUC2_07_UpperMiss,7.532926430785006e-05
2018-12-22T06:00:00+00:00,2018-12-03T12:00:00+00:00,12,HUC2_10_Missouri,0.00018545667757535522
2018-12-22T12:00:00+00:00,2018-12-03T18:00:00+00:00,18,HUC2_07_UpperMiss,0.0004880893849767944
2018-12-22T12:00:00+00:00,2018-12-03T18:00:00+00:00,18,HUC2_10_Missouri,0.002411491769585662
2018-12-22T18:00:00+00:00,2018-12-04T00:00:00+00:00,00,HUC2_07_UpperMiss,0.002826091945093308
2018-12-22T18:00:00+00:00,2018-12-04T00:00:00+00:00,00,HUC2_10_Missouri,0.0005318438518946742
2018-12-23T00:00:00+00:00,2018-12-04T06:00:00+00:00,06,HUC2_07_UpperMiss,0.0005025156040811523
2018-12-23T00:00:00+00:00,2018-12-04T06:00:00+00:00,06,HUC2_10_Missouri,0.0014915989820628007
2018-12-23T06:00:00+00:00,2018-12-04T12:00:00+00:00,12,HUC2_07_UpperMiss,0.0011059348059738506
2018-12-23T06:00:00+00:00,2018-12-04T12:00:00+00:00,12,HUC2_10_Missouri,0.00022964025590739277
2018-12-23T12:00:00+00:00,2018-12-04T18:00:00+00:00,18,HUC2_07_UpperMiss,4.038671373832319e-05
2018-12-23T12:00:00+00:00,2018-12-04T18:00:00+00:00,18,HUC2_10_Missouri,9.761757106823895e-05
2018-12-23T18:00:00+00:00,2018-12-05T00:00:00+00:00,00,HUC2_07_UpperMiss,0.00033601585123684187
2018-12-23T18:00:00+00:00,2018-12-05T00:00:00+00:00,00,HUC2_10_Missouri,4.1773100627034416e-05
2018-12-24T00:00:00+00:00,2018-12-05T06:00:00+00:00,06,HUC2_07_UpperMiss,0.0008497138784981809
2018-12-24T00:00:00+00:00,2018-12-05T06:00:00+00:00,06,HUC2_10_Missouri,0.0005859044263669488
2018-12-24T06:00:00+00:00,2018-12-05T12:00:00+00:00,12,HUC2_07_UpperMiss,0.00018735929198272013
2018-12-24T06:00:00+00:00,2018-12-05T12:00:00+00:00,12,HUC2_10_Missouri,0.00041174115818269885
2018-12-24T12:00:00+00:00,2018-12-05T18:00:00+00:00,18,HUC2_07_UpperMiss,0.000121722332755017
2018-12-24T12:00:00+00:00,2018-12-05T18:00:00+00:00,18,HUC2_10_Missouri,2.283942024834994e-05
2018-12-24T18:00:00+00:00,2018-12-06T00:00:00+00:00,00,HUC2_07_UpperMiss,0.0004068060689856204
2018-12-24T18:00:00+00:00,2018-12-06T00:00:00+00:00,00,HUC2_10_Missouri,0.00016208681753069286
2018-12-25T00:00:00+00:00,2018-12-06T06:00:00+00:00,06,HUC2_07_UpperMiss,0.00024327075853955126
2018-12-25T00:00:00+00:00,2018-12-06T06:00:00+00:00,06,HUC2_10_Missouri,0.0003864415414788548
2018-12-25T06:00:00+00:00,2018-12-06T12:00:00+00:00,12,HUC2_07_UpperMiss,0.000143218384381031
2018-12-25T06:00:00+00:00,2018-12-06T12:00:00+00:00,12,HUC2_10_Missouri,0.0009657572392683997
2018-12-25T12:00:00+00:00,2018-12-06T18:00:00+00:00,18,HUC2_07_UpperMiss,0.0004057931706551078
2018-12-25T12:00:00+00:00,2018-12-06T18:00:00+00:00,18,HUC2_10_Missouri,0.0015718024166488406
2018-12-25T18:00:00+00:00,2018-12-07T00:00:00+00:00,00,HUC2_07_UpperMiss,4.9902884308235184e-05
2018-12-25T18:00:00+00:00,2018-12-07T00:00:00+00:00,00,HUC2_10_Missouri,3.917810137603157e-05
2018-12-26T00:00:00+00:00,2018-12-07T06:00:00+00:00,06,HUC2_07_UpperMiss,0.00015617246173487442
2018-12-26T00:00:00+00:00,2018-12-07T06:00:00+00:00,06,HUC2_10_Missouri,0.00010447217995036399
2018-12-26T06:00:00+00:00,2018-12-07T12:00:00+00:00,12,HUC2_07_UpperMiss,0.002387728706992802
2018-12-26T06:00:00+00:00,2018-12-07T12:00:00+00:00,12,HUC2_10_Missouri,0.0044664766211194844
2018-12-26T12:00:00+00:00,2018-12-07T18:00:00+00:00,18,HUC2_07_UpperMiss,6.955075080011454e-06
2018-12-26T12:00:00+00:00,2018-12-07T18:00:00+00:00,18,HUC2_10_Missouri,0.00048705216087438984
2018-12-26T18:00:00+00:00,2018-12-08T00:00:00+00:00,00,HUC2_07_UpperMiss,8.816674916950272e-05
2018-12-26T18:00:00+00:00,2018-12-08T00:00:00+00:00,00,HUC2_10_Missouri,6.475835071214813e-05
2018-12-27T00:00:00+00:00,2018-12-08T06:00:00+00:00,06,HUC2_07_UpperMiss,0.000257617475280849
2018-12-27T00:00:00+00:00,2018-12-08T06:00:00+00:00,06,HUC2_10_Missouri,6.513092706516921e-05
2018-12-27T06:00:00+00:00,2018-12-08T12:00:00+00:00,12,HUC2_07_UpperMiss,0.000920900468239675
2018-12-27T06:00:00+00:00,2018-12-08T12:00:00+00:00,12,HUC2_10_Missouri,0.0011415866838724834
2018-12-27T12:00:00+00:00,2018-12-08T18:00:00+00:00,18,HUC2_07_UpperMiss,7.496440512730242e-05
2018-12-27T12:00:00+00:00,2018-12-08T18:00:00+00:00,18,HUC2_10_Missouri,6.312809732548347e-05
2018-12-27T18:00:00+00:00,2018-12-09T00:00:00+00:00,00,HUC2_07_UpperMiss,4.3021024670515875e-05
2018-12-27T18:00:00+00:00,2018-12-09T00:00:00+00:00,00,HUC2_10_Missouri,2.8057587397977548e-05
2018-12-28T00:00:00+00:00,2018-12-09T06:00:00+00:00,06,HUC2_07_UpperMiss,7.3486032051999454e-06
2018-12-28T00:00:00+00:00,2018-12-09T06:00:00+00:00,06,HUC2_10_Missouri,2.0671690872610196e-06
2018-12-28T06:00:00+00:00,2018-12-09T12:00:00+00:00,12,HUC2_07_UpperMiss,0.00214461792341872
2018-12-28T06:00:00+00:00,2018-12-09T12:00:00+00:00,12,HUC2_10_Missouri,0.0034588648217369136
2018-12-28T12:00:00+00:00,2018-12-09T18:00:00+00:00,18,HUC2_07_UpperMiss,2.2786175316363117e-06
2018-12-28T12:00:00+00:00,2018-12-09T18:00:00+00:00,18,HUC2_10_Missouri,0.000318067362498636
2018-12-28T18:00:00+00:00,2018-12-10T00:00:00+00:00,00,HUC2_07_UpperMiss,0.001102073979881018
2018-12-28T18:00:00+00:00,2018-12-10T00:00:00+00:00,00,HUC2_10_Missouri,0.001021240468391283
2018-12-29T00:00:00+00:00,2018-12-10T06:00:00+00:00,06,HUC2_07_UpperMiss,0.0009985431653928701
2018-12-29T00:00:00+00:00,2018-12-10T06:00:00+00:00,06,HUC2_10_Missouri,0.0007275688547862095
2018-12-29T06:00:00+00:00,2018-12-10T12:00:00+00:00,12,HUC2_07_UpperMiss,0.00015691672056112422
2018-12-29T06:00:00+00:00,2018-12-10T12:00:00+00:00,12,HUC2_10_Missouri,0.00045309973008010184
2018-12-29T12:00:00+00:00,2018-12-10T18:00:00+00:00,18,HUC2_07_UpperMiss,0.0007529690835243604
2018-12-29T12:00:00+00:00,2018-12-10T18:00:00+00:00,18,HUC2_10_Missouri,0.0009701198191338477
2018-12-29T18:00:00+00:00,2018-12-11T00:00:00+00:00,00,HUC2_07_UpperMiss,0.00018031262335063423
2018-12-29T18:00:00+00:00,2018-12-11T00:00:00+00:00,00,HUC2_10_Missouri,0.00014355647454599192
2018-12-30T00:00:00+00:00,2018-12-11T06:00:00+00:00,06,HUC2_07_UpperMiss,0.00016303085227018549
2018-12-30T00:00:00+00:00,2018-12-11T06:00:00+00:00,06,HUC2_10_Missouri,6.169362301332547e-05
2018-12-30T06:00:00+00:00,2018-12-11T12:00:00+00:00,12,HUC2_07_UpperMiss,0.0005293205101544527
2018-12-30T06:00:00+00:00,2018-12-11T12:00:00+00:00,12,HUC2_10_Missouri,0.0017635183398706361
2018-12-30T12:00:00+00:00,2018-12-11T18:00:00+00:00,18,HUC2_07_UpperMiss,7.137458649772183e-06
2018-12-30T12:00:00+00:00,2018-12-11T18:00:00+00:00,18,HUC2_10_Missouri,0.0019524221018738335
2018-12-30T18:00:00+00:00,2018-12-12T00:00:00+00:00,00,HUC2_07_UpperMiss,0.0017561346385643302
2018-12-30T18:00:00+00:00,2018-12-12T00:00:00+00:00,00,HUC2_10_Missouri,0.0012742354975657435
2018-12-31T00:00:00+00:00,2018-12-12T06:00:00+00:00,06,HUC2_07_UpperMiss,0.00010185111909975925
2018-12-31T00:00:00+00:00,2018-12-12T06:00:00+00:00,06,HUC2_10_Missouri,2.9355438215261135e-06
2018-12-31T06:00:00+00:00,2018-12-12T12:00:00+00:00,12,HUC2_07_UpperMiss,1.5938672519244807e-05
2018-12-31T06:00:00+00:00,2018-12-12T12:00:00+00:00,12,HUC2_10_Missouri,0.00012669764992476174
2018-12-31T12:00:00+00:00,2018-12-12T18:00:00+00:00,18,HUC2_07_UpperMiss,0.005039570593149606
2018-12-31T12:00:00+00:00,2018-12-12T18:00:00+00:00,18,HUC2_10_Missouri,0.0013023711173780171
2018-12-31T18:00:00+00:00,2018-12-13T00:00:00+00:00,00,HUC2_07_UpperMiss,0.00012378586644305528
2018-12-31T18:00:00+00:00,2018-12-13T00:00:00+00:00,00,HUC2_10_Missouri,5.124308091282411e-05
2019-01-01T00:00:00+00:00,2018-12-13T06:00:00+00:00,06,HUC2_07_UpperMiss,0.0001915895603883969
2019-01-01T00:00:00+00:00,2018-12-13T06:00:00+00:00,06,HUC2_10_Missouri,7.653187468823803e-05
2019-01-01T06:00:00+00:00,2018-12-13T12:00:00+00:00,12,HUC2_07_UpperMiss,0.00012194778197073075
2019-01-01T06:00:00+00:00,2018-12-13T12:00:00+00:00,12,HUC2_10_Missouri,0.00020183064011458502
2019-01-01T12:00:00+00:00,2018-12-13T18:00:00+00:00,18,HUC2_07_UpperMiss,0.001455476074335934
2019-01-01T12:00:00+00:00,2018-12-13T18:00:00+00:00,18,HUC2_10_Missouri,0.0012042529763908309
2019-01-01T18:00:00+00:00,2018-12-14T00:00:00+00:00,00,HUC2_07_UpperMiss,1.0524524225702108e-05
2019-01-01T18:00:00+00:00,2018-12-14T00:00:00+00:00,00,HUC2_10_Missouri,4.6426881952576155e-05
2019-01-02T00:00:00+00:00,2018-12-14T06:00:00+00:00,06,HUC2_07_UpperMiss,8.241679127020087e-05
2019-01-02T00:00:00+00:00,2018-12-14T06:00:00+00:00,06,HUC2_10_Missouri,6.032862821879324e-05
2019-01-02T06:00:00+00:00,2018-12-14T12:00:00+00:00,12,HUC2_07_UpperMiss,0.00021564509388496443
2019-01-02T06:00:00+00:00,2018-12-14T12:00:00+00:00,12,HUC2_10_Missouri,0.0003672304280860456
2019-01-02T12:00:00+00:00,2018-12-14T18:00:00+00:00,18,HUC2_07_UpperMiss,2.8218943259119247e-05
2019-01-02T12:00:00+00:00,2018-12-14T18:00:00+00:00,18,HUC2_10_Missouri,0.0002558204482225917
2019-01-02T18:00:00+00:00,2018-12-15T00:00:00+00:00,00,HUC2_07_UpperMiss,8.659565716227591e-05
2019-01-02T18:00:00+00:00,2018-12-15T00:00:00+00:00,00,HUC2_10_Missouri,0.0
2019-01-03T00:00:00+00:00,2018-12-15T06:00:00+00:00,06,HUC2_07_UpperMiss,0.0003205590902902714
2019-01-03T00:00:00+00:00,2018-12-15T06:00:00+00:00,06,HUC2_10_Missouri,0.0009813578040265478
2019-01-03T06:00:00+00:00,2018-12-15T12:00:00+00:00,12,HUC2_07_UpperMiss,8.363712603501727e-06
2019-01-03T06:00:00+00:00,2018-12-15T12:00:00+00:00,12,HUC2_10_Missouri,0.0
2019-01-03T12:00:00+00:00,2018-12-15T18:00:00+00:00,18,HUC2_07_UpperMiss,2.4790437021195346e-05
2019-01-03T12:00:00+00:00,2018-12-15T18:00:00+00:00,18,HUC2_10_Missouri,0.00016569834598303227
2019-01-03T18:00:00+00:00,2018-12-16T00:00:00+00:00,00,HUC2_07_UpperMiss,0.001481783878968077
2019-01-03T18:00:00+00:00,2018-12-16T00:00:00+00:00,00,HUC2_10_Missouri,0.0051322311478946975
2019-01-04T00:00:00+00:00,2018-12-16T06:00:00+00:00,06,HUC2_07_UpperMiss,0.0005708424077532709
2019-01-04T00:00:00+00:00,2018-12-16T06:00:00+00:00,06,HUC2_10_Missouri,0.0026822907181507896
2019-01-04T06:00:00+00:00,2018-12-16T12:00:00+00:00,12,HUC2_07_UpperMiss,1.2706700851346668e-06
2019-01-04T06:00:00+00:00,2018-12-16T12:00:00+00:00,12,HUC2_10_Missouri,2.5188760316790664e-06
2019-01-04T12:00:00+00:00,2018-12-16T18:00:00+00:00,18,HUC2_07_UpperMiss,0.0006140758785100243
2019-01-04T12:00:00+00:00,2018-12-16T18:00:00+00:00,18,HUC2_10_Missouri,0.001863880649141273
2019-01-04T18:00:00+00:00,2018-12-17T00:00:00+00:00,00,HUC2_07_UpperMiss,6.17165824180986e-05
2019-01-04T18:00:00+00:00,2018-12-17T00:00:00+00:00,00,HUC2_10_Missouri,2.333397250611544e-05
2019-01-05T00:00:00+00:00,2018-12-17T06:00:00+00:00,06,HUC2_07_UpperMiss,0.00038036856201995067
2019-01-05T00:00:00+00:00,2018-12-17T06:00:00+00:00,06,HUC2_10_Missouri,0.00046278108428299264
2019-01-05T06:00:00+00:00,2018-12-17T12:00:00+00:00,12,HUC2_07_UpperMiss,0.0007357429187005669
2019-01-05T06:00:00+00:00,2018-12-17T12:00:00+00:00,12,HUC2_10_Missouri,0.0019898382142944037
2019-01-05T12:00:00+00:00,2018-12-17T18:00:00+00:00,18,HUC2_07_UpperMiss,0.0003691577862169522
2019-01-05T12:00:00+00:00,2018-12-17T18:00:00+00:00,18,HUC2_10_Missouri,0.00014380079299917088
2019-01-05T18:00:00+00:00,2018-12-18T00:00:00+00:00,00,HUC2_07_UpperMiss,0.00032911613627507533
2019-01-05T18:00:00+00:00,2018-12-18T00:00:00+00:00,00,HUC2_10_Missouri,0.00045113239476090455
2019-01-06T00:00:00+00:00,2018-12-18T06:00:00+00:00,06,HUC2_07_UpperMiss,6.783783913182754e-05
2019-01-06T00:00:00+00:00,2018-12-18T06:00:00+00:00,06,HUC2_10_Missouri,0.0007367665975955109
2019-01-06T06:00:00+00:00,2018-12-18T12:00:00+00:00,12,HUC2_07_UpperMiss,2.3656061445501385e-05
2019-01-06T06:00:00+00:00,2018-12-18T12:00:00+00:00,12,HUC2_10_Missouri,8.607103481706232e-05
2019-01-06T12:00:00+00:00,2018-12-18T18:00:00+00:00,18,HUC2_07_UpperMiss,0.0003989696736304176
2019-01-06T12:00:00+00:00,2018-12-18T18:00:00+00:00,18,HUC2_10_Missouri,0.00012895420496104854
2019-01-06T18:00:00+00:00,2018-12-19T00:00:00+00:00,00,HUC2_07_UpperMiss,0.0006920097385094277
2019-01-06T18:00:00+00:00,2018-12-19T00:00:00+00:00,00,HUC2_10_Missouri,0.0004072611369024114
2019-01-07T00:00:00+00:00,2018-12-19T06:00:00+00:00,06,HUC2_07_UpperMiss,0.003848735971275303
2019-01-07T00:00:00+00:00,2018-12-19T06:00:00+00:00,06,HUC2_10_Missouri,0.001163299029236416
2019-01-07T06:00:00+00:00,2018-12-19T12:00:00+00:00,12,HUC2_07_UpperMiss,7.553983999397493e-05
2019-01-07T06:00:00+00:00,2018-12-19T12:00:00+00:00,12,HUC2_10_Missouri,0.0008079085830922536
2019-01-07T12:00:00+00:00,2018-12-19T18:00:00+00:00,18,HUC2_07_UpperMiss,0.00015980527392068215
2019-01-07T12:00:00+00:00,2018-12-19T18:00:00+00:00,18,HUC2_10_Missouri,0.00012189346753332833
2019-01-07T18:00:00+00:00,2018-12-20T00:00:00+00:00,00,HUC2_07_UpperMiss,8.270824288546083e-05
2019-01-07T18:00:00+00:00,2018-12-20T00:00:00+00:00,00,HUC2_10_Missouri,0.0003524489458518541
2019-01-08T00:00:00+00:00,2018-12-20T06:00:00+00:00,06,HUC2_07_UpperMiss,0.0003500495502715124
2019-01-08T00:00:00+00:00,2018-12-20T06:00:00+00:00,06,HUC2_10_Missouri,0.0007467863572248848
2019-01-08T06:00:00+00:00,2018-12-20T12:00:00+00:00,12,HUC2_07_UpperMiss,3.1089259797379654e-05
2019-01-08T06:00:00+00:00,2018-12-20T12:00:00+00:00,12,HUC2_10_Missouri,3.995239374567315e-05
2019-01-08T12:00:00+00:00,2018-12-20T18:00:00+00:00,18,HUC2_07_UpperMiss,0.0002430710434147478
2019-01-08T12:00:00+00:00,2018-12-20T18:00:00+00:00,18,HUC2_10_Missouri,0.0004605838139620719
2019-01-08T18:00:00+00:00,2018-12-21T00:00:00+00:00,00,HUC2_07_UpperMiss,5.26311968300292e-05
2019-01-08T18:00:00+00:00,2018-12-21T00:00:00+00:00,00,HUC2_10_Missouri,0.0015679170179445743
2019-01-09T00:00:00+00:00,2018-12-21T06:00:00+00:00,06,HUC2_07_UpperMiss,0.00020481444183371823
2019-01-09T00:00:00+00:00,2018-12-21T06:00:00+00:00,06,HUC2_10_Missouri,0.0002233972206969205
2019-01-09T06:00:00+00:00,2018-12-21T12:00:00+00:00,12,HUC2_07_UpperMiss,4.152077089895851e-05
2019-01-09T06:00:00+00:00,2018-12-21T12:00:00+00:00,12,HUC2_10_Missouri,0.002165028115967681
2019-01-09T12:00:00+00:00,2018-12-21T18:00:00+00:00,18,HUC2_07_UpperMiss,0.0014823228930218603
2019-01-09T12:00:00+00:00,2018-12-21T18:00:00+00:00,18,HUC2_10_Missouri,0.0005043851815177782
2019-01-09T18:00:00+00:00,2018-12-22T00:00:00+00:00,00,HUC2_07_UpperMiss,0.00010545805778972773
2019-01-09T18:00:00+00:00,2018-12-22T00:00:00+00:00,00,HUC2_10_Missouri,0.0016048227050965834
2019-01-10T00:00:00+00:00,2018-12-22T06:00:00+00:00,06,HUC2_07_UpperMiss,0.0017576617391364666
2019-01-10T00:00:00+00:00,2018-12-22T06:00:00+00:00,06,HUC2_10_Missouri,0.0012757107715393359
2019-01-10T06:00:00+00:00,2018-12-22T12:00:00+00:00,12,HUC2_07_UpperMiss,0.00043776516289876203
2019-01-10T06:00:00+00:00,2018-12-22T12:00:00+00:00,12,HUC2_10_Missouri,0.0023749564906375897
2019-01-10T12:00:00+00:00,2018-12-22T18:00:00+00:00,18,HUC2_07_UpperMiss,0.0005008321266887564
2019-01-10T12:00:00+00:00,2018-12-22T18:00:00+00:00,18,HUC2_10_Missouri,0.0005056060525812971
2019-01-10T18:00:00+00:00,2018-12-23T00:00:00+00:00,00,HUC2_07_UpperMiss,0.00011676772471968307
2019-01-10T18:00:00+00:00,2018-12-23T00:00:00+00:00,00,HUC2_10_Missouri,4.226312577139141e-05
2019-01-11T00:00:00+00:00,2018-12-23T06:00:00+00:00,06,HUC2_07_UpperMiss,0.0005470921798896084
2019-01-11T00:00:00+00:00,2018-12-23T06:00:00+00:00,06,HUC2_10_Missouri,0.0004020713262432142
2019-01-11T06:00:00+00:00,2018-12-23T12:00:00+00:00,12,HUC2_07_UpperMiss,3.8809009210826025e-05
2019-01-11T06:00:00+00:00,2018-12-23T12:00:00+00:00,12,HUC2_10_Missouri,0.00012243289377642552
2019-01-11T12:00:00+00:00,2018-12-23T18:00:00+00:00,18,HUC2_07_UpperMiss,0.00010514238358667022
2019-01-11T12:00:00+00:00,2018-12-23T18:00:00+00:00,18,HUC2_10_Missouri,0.0020816400963639724
2019-01-11T18:00:00+00:00,2018-12-24T00:00:00+00:00,00,HUC2_07_UpperMiss,0.0006625993905169545
2019-01-11T18:00:00+00:00,2018-12-24T00:00:00+00:00,00,HUC2_10_Missouri,0.0001579820786152767
2019-01-12T00:00:00+00:00,2018-12-24T06:00:00+00:00,06,HUC2_07_UpperMiss,0.0004925916476181777
2019-01-12T00:00:00+00:00,2018-12-24T06:00:00+00:00,06,HUC2_10_Missouri,0.0004408558336654466
2019-01-12T06:00:00+00:00,2018-12-24T12:00:00+00:00,12,HUC2_07_UpperMiss,5.663553554443737e-05
2019-01-12T06:00:00+00:00,2018-12-24T12:00:00+00:00,12,HUC2_10_Missouri,0.0012503813452452162
2019-01-12T12:00:00+00:00,2018-12-24T18:00:00+00:00,18,HUC2_07_UpperMiss,0.000889315835529104
2019-01-12T12:00:00+00:00,2018-12-24T18:00:00+00:00,18,HUC2_10_Missouri,0.0005474092248818547
2019-01-12T18:00:00+00:00,2018-12-25T00:00:00+00:00,00,HUC2_07_UpperMiss,0.00030666694731553177
2019-01-12T18:00:00+00:00,2018-12-25T00:00:00+00:00,00,HUC2_10_Missouri,7.832805932345755e-05
2019-01-13T00:00:00+00:00,2018-12-25T06:00:00+00:00,06,HUC2_07_UpperMiss,7.376727709062308e-07
2019-01-13T00:00:00+00:00,2018-12-25T06:00:00+00:00,06,HUC2_10_Missouri,4.7799119501039334e-05
2019-01-13T06:00:00+00:00,2018-12-25T12:00:00+00:00,12,HUC2_07_UpperMiss,2.6645727541219994e-05
2019-01-13T06:00:00+00:00,2018-12-25T12:00:00+00:00,12,HUC2_10_Missouri,4.27716992402499e-05
2019-01-13T12:00:00+00:00,2018-12-25T18:00:00+00:00,18,HUC2_07_UpperMiss,2.4450299860225132e-05
2019-01-13T12:00:00+00:00,2018-12-25T18:00:00+00:00,18,HUC2_10_Missouri,0.0002235194200875137
2019-01-13T18:00:00+00:00,2018-12-26T00:00:00+00:00,00,HUC2_07_UpperMiss,0.00017773543394190914
2019-01-13T18:00:00+00:00,2018-12-26T00:00:00+00:00,00,HUC2_10_Missouri,0.0003101459251759984
2019-01-14T00:00:00+00:00,2018-12-26T06:00:00+00:00,06,HUC2_07_UpperMiss,4.348555748783114e-05
2019-01-14T00:00:00+00:00,2018-12-26T06:00:00+00:00,06,HUC2_10_Missouri,0.0004790244278522824
2019-01-14T06:00:00+00:00,2018-12-26T12:00:00+00:00,12,HUC2_07_UpperMiss,0.00022232217549344468
2019-01-14T06:00:00+00:00,2018-12-26T12:00:00+00:00,12,HUC2_10_Missouri,0.00016622618822379644
2019-01-14T12:00:00+00:00,2018-12-26T18:00:00+00:00,18,HUC2_07_UpperMiss,0.00015234408840518595
2019-01-14T12:00:00+00:00,2018-12-26T18:00:00+00:00,18,HUC2_10_Missouri,0.00026280276564052225
2019-01-14T18:00:00+00:00,2018-12-27T00:00:00+00:00,00,HUC2_07_UpperMiss,0.00022412087800367607
2019-01-14T18:00:00+00:00,2018-12-27T00:00:00+00:00,00,HUC2_10_Missouri,0.0005628282560771564
2019-01-15T00:00:00+00:00,2018-12-27T06:00:00+00:00,06,HUC2_07_UpperMiss,6.353039501094882e-05
2019-01-15T00:00:00+00:00,2018-12-27T06:00:00+00:00,06,HUC2_10_Missouri,0.0008905403032033637
2019-01-15T06:00:00+00:00,2018-12-27T12:00:00+00:00,12,HUC2_07_UpperMiss,0.00029491395590245935
2019-01-15T06:00:00+00:00,2018-12-27T12:00:00+00:00,12,HUC2_10_Missouri,0.00019590421649576874
2019-01-15T12:00:00+00:00,2018-12-27T18:00:00+00:00,18,HUC2_07_UpperMiss,0.0004056980663053873
2019-01-15T12:00:00+00:00,2018-12-27T18:00:00+00:00,18,HUC2_10_Missouri,0.0010127275451098383
2019-01-15T18:00:00+00:00,2018-12-28T00:00:00+00:00,00,HUC2_07_UpperMiss,0.00018446505379708653
2019-01-15T18:00:00+00:00,2018-12-28T00:00:00+00:00,00,HUC2_10_Missouri,0.0011061383768248335
2019-01-16T00:00:00+00:00,2018-12-28T06:00:00+00:00,06,HUC2_07_UpperMiss,9.585322093571475e-07
2019-01-16T00:00:00+00:00,2018-12-28T06:00:00+00:00,06,HUC2_10_Missouri,0.00017138997073921032
2019-01-16T06:00:00+00:00,2018-12-28T12:00:00+00:00,12,HUC2_07_UpperMiss,0.00029696393706601476
2019-01-16T06:00:00+00:00,2018-12-28T12:00:00+00:00,12,HUC2_10_Missouri,0.0027013651272771617
2019-01-16T12:00:00+00:00,2018-12-28T18:00:00+00:00,18,HUC2_07_UpperMiss,6.545789767550312e-05
2019-01-16T12:00:00+00:00,2018-12-28T18:00:00+00:00,18,HUC2_10_Missouri,0.0009806497059921357
2019-01-16T18:00:00+00:00,2018-12-29T00:00:00+00:00,00,HUC2_07_UpperMiss,4.209723184979891e-05
2019-01-16T18:00:00+00:00,2018-12-29T00:00:00+00:00,00,HUC2_10_Missouri,1.3318539023288357e-05
2019-01-17T00:00:00+00:00,2018-12-29T06:00:00+00:00,06,HUC2_07_UpperMiss,0.000180422626439656
2019-01-17T00:00:00+00:00,2018-12-29T06:00:00+00:00,06,HUC2_10_Missouri,1.9685500269167623e-05
2019-01-17T06:00:00+00:00,2018-12-29T12:00:00+00:00,12,HUC2_07_UpperMiss,0.0002918679059700594
2019-01-17T06:00:00+00:00,2018-12-29T12:00:00+00:00,12,HUC2_10_Missouri,0.0016163741424564595
2019-01-17T12:00:00+00:00,2018-12-29T18:00:00+00:00,18,HUC2_07_UpperMiss,3.0554373717365294e-05
2019-01-17T12:00:00+00:00,2018-12-29T18:00:00+00:00,18,HUC2_10_Missouri,0.000636997900523371
2019-01-17T18:00:00+00:00,2018-12-30T00:00:00+00:00,00,HUC2_07_UpperMiss,0.00034844089806771524
2019-01-17T18:00:00+00:00,2018-12-30T00:00:00+00:00,00,HUC2_10_Missouri,0.0007599416358436513
2019-01-18T00:00:00+00:00,2018-12-30T06:00:00+00:00,06,HUC2_07_UpperMiss,0.0035990187226502667
2019-01-18T00:00:00+00:00,2018-12-30T06:00:00+00:00,06,HUC2_10_Missouri,0.006364638030714766
2019-01-18T06:00:00+00:00,2018-12-30T12:00:00+00:00,12,HUC2_07_UpperMiss,0.0027629637817221248
2019-01-18T06:00:00+00:00,2018-12-30T12:00:00+00:00,12,HUC2_10_Missouri,0.004322758059542886
2019-01-18T12:00:00+00:00,2018-12-30T18:00:00+00:00,18,HUC2_07_UpperMiss,9.091660306562269e-05
2019-01-18T12:00:00+00:00,2018-12-30T18:00:00+00:00,18,HUC2_10_Missouri,5.660277099528639e-05
2019-01-18T18:00:00+00:00,2018-12-31T00:00:00+00:00,00,HUC2_07_UpperMiss,0.00010227843580129838
2019-01-18T18:00:00+00:00,2018-12-31T00:00:00+00:00,00,HUC2_10_Missouri,0.00042984237159598174
2019-01-19T00:00:00+00:00,2018-12-31T06:00:00+00:00,06,HUC2_07_UpperMiss,4.999779725069877e-05
2019-01-19T00:00:00+00:00,2018-12-31T06:00:00+00:00,06,HUC2_10_Missouri,0.001279623153844405
2019-01-19T06:00:00+00:00,2018-12-31T12:00:00+00:00,12,HUC2_07_UpperMiss,0.00064668320338571
2019-01-19T06:00:00+00:00,2018-12-31T12:00:00+00:00,12,HUC2_10_Missouri,0.00272973695963127
2019-01-19T12:00:00+00:00,2018-12-31T18:00:00+00:00,18,HUC2_07_UpperMiss,0.0002641920684195904
2019-01-19T12:00:00+00:00,2018-12-31T18:00:00+00:00,18,HUC2_10_Missouri,0.0021130697557594277
2019-01-19T18:00:00+00:00,2019-01-01T00:00:00+00:00,00,HUC2_07_UpperMiss,0.00019791343045287013
2019-01-19T18:00:00+00:00,2019-01-01T00:00:00+00:00,00,HUC2_10_Missouri,0.0003161701620262395
2019-01-20T00:00:00+00:00,2019-01-01T06:00:00+00:00,06,HUC2_07_UpperMiss,0.00013054661696655144
2019-01-20T00:00:00+00:00,2019-01-01T06:00:00+00:00,06,HUC2_10_Missouri,0.00010911396742681167
2019-01-20T06:00:00+00:00,2019-01-01T12:00:00+00:00,12,HUC2_07_UpperMiss,0.00019385036267566258
2019-01-20T06:00:00+00:00,2019-01-01T12:00:00+00:00,12,HUC2_10_Missouri,7.329555387176637e-05
2019-01-20T12:00:00+00:00,2019-01-01T18:00:00+00:00,18,HUC2_07_UpperMiss,5.1545655091550205e-06
2019-01-20T12:00:00+00:00,2019-01-01T18:00:00+00:00,18,HUC2_10_Missouri,0.00038314357598727677
2019-01-20T18:00:00+00:00,2019-01-02T00:00:00+00:00,00,HUC2_07_UpperMiss,5.229174175654757e-05
2019-01-20T18:00:00+00:00,2019-01-02T00:00:00+00:00,00,HUC2_10_Missouri,0.000689994634628274
2019-01-21T00:00:00+00:00,2019-01-02T06:00:00+00:00,06,HUC2_07_UpperMiss,0.0004451870572982087
2019-01-21T00:00:00+00:00,2019-01-02T06:00:00+00:00,06,HUC2_10_Missouri,0.0001932892627030805
2019-01-21T06:00:00+00:00,2019-01-02T12:00:00+00:00,12,HUC2_07_UpperMiss,0.000640682974375201
2019-01-21T06:00:00+00:00,2019-01-02T12:00:00+00:00,12,HUC2_10_Missouri,0.0012198611533332257
2019-01-21T12:00:00+00:00,2019-01-02T18:00:00+00:00,18,HUC2_07_UpperMiss,0.00012160675203386384
2019-01-21T12:00:00+00:00,2019-01-02T18:00:00+00:00,18,HUC2_10_Missouri,0.00014573877035904096
2019-01-21T18:00:00+00:00,2019-01-03T00:00:00+00:00,00,HUC2_07_UpperMiss,2.2246480061454415e-05
2019-01-21T18:00:00+00:00,2019-01-03T00:00:00+00:00,00,HUC2_10_Missouri,0.0007278093792349296
2019-01-22T00:00:00+00:00,2019-01-03T06:00:00+00:00,06,HUC2_07_UpperMiss,0.0001588585654338872
2019-01-22T00:00:00+00:00,2019-01-03T06:00:00+00:00,06,HUC2_10_Missouri,0.0020287833537333865
2019-01-22T06:00:00+00:00,2019-01-03T12:00:00+00:00,12,HUC2_07_UpperMiss,0.0007103097195284123
2019-01-22T06:00:00+00:00,2019-01-03T12:00:00+00:00,12,HUC2_10_Missouri,0.00013781046436602112
2019-01-22T12:00:00+00:00,2019-01-03T18:00:00+00:00,18,HUC2_07_UpperMiss,7.6348137206376e-05
2019-01-22T12:00:00+00:00,2019-01-03T18:00:00+00:00,18,HUC2_10_Missouri,0.0002240976836385857
2019-01-22T18:00:00+00:00,2019-01-04T00:00:00+00:00,00,HUC2_07_UpperMiss,0.0004846564037118552
2019-01-22T18:00:00+00:00,2019-01-04T00:00:00+00:00,00,HUC2_10_Missouri,0.001136350532902141
2019-01-23T00:00:00+00:00,2019-01-04T06:00:00+00:00,06,HUC2_07_UpperMiss,8.310161089437834e-05
2019-01-23T00:00:00+00:00,2019-01-04T06:00:00+00:00,06,HUC2_10_Missouri,0.0004793938663580215
2019-01-23T06:00:00+00:00,2019-01-04T12:00:00+00:00,12,HUC2_07_UpperMiss,0.0006125348752983042
2019-01-23T06:00:00+00:00,2019-01-04T12:00:00+00:00,12,HUC2_10_Missouri,0.000196923180631377
2019-01-23T12:00:00+00:00,2019-01-04T18:00:00+00:00,18,HUC2_07_UpperMiss,0.002140505645483826
2019-01-23T12:00:00+00:00,2019-01-04T18:00:00+00:00,18,HUC2_10_Missouri,0.0018350462881279463
2019-01-23T18:00:00+00:00,2019-01-05T00:00:00+00:00,00,HUC2_07_UpperMiss,0.00016194206934457136
2019-01-23T18:00:00+00:00,2019-01-05T00:00:00+00:00,00,HUC2_10_Missouri,0.0002737241822058579
2019-01-24T00:00:00+00:00,2019-01-05T06:00:00+00:00,06,HUC2_07_UpperMiss,4.839547448390113e-06
2019-01-24T00:00:00+00:00,2019-01-05T06:00:00+00:00,06,HUC2_10_Missouri,1.1987649981829404e-05
2019-01-24T06:00:00+00:00,2019-01-05T12:00:00+00:00,12,HUC2_07_UpperMiss,0.0
2019-01-24T06:00:00+00:00,2019-01-05T12:00:00+00:00,12,HUC2_10_Missouri,3.551956087307527e-05
2019-01-24T12:00:00+00:00,2019-01-05T18:00:00+00:00,18,HUC2_07_UpperMiss,0.0007891518119164198
2019-01-24T12:00:00+00:00,2019-01-05T18:00:00+00:00,18,HUC2_10_Missouri,0.0008404827975923928
2019-01-24T18:00:00+00:00,2019-01-06T00:00:00+00:00,00,HUC2_07_UpperMiss,0.0003440542622578155
2019-01-24T18:00:00+00:00,2019-01-06T00:00:00+00:00,00,HUC2_10_Missouri,0.0011546679468748282
2019-01-25T00:00:00+00:00,2019-01-06T06:00:00+00:00,06,HUC2_07_UpperMiss,4.615377063341904e-05
2019-01-25T00:00:00+00:00,2019-01-06T06:00:00+00:00,06,HUC2_10_Missouri,0.00021428760254091952
2019-01-25T06:00:00+00:00,2019-01-06T12:00:00+00:00,12,HUC2_07_UpperMiss,9.53002563851e-07
2019-01-25T06:00:00+00:00,2019-01-06T12:00:00+00:00,12,HUC2_10_Missouri,1.3611585701386507e-05
2019-01-25T12:00:00+00:00,2019-01-06T18:00:00+00:00,18,HUC2_07_UpperMiss,5.077605854245943e-06
2019-01-25T12:00:00+00:00,2019-01-06T18:00:00+00:00,18,HUC2_10_Missouri,1.1735898397098904e-05
2019-01-25T18:00:00+00:00,2019-01-07T00:00:00+00:00,00,HUC2_07_UpperMiss,0.0005900375442537139
2019-01-25T18:00:00+00:00,2019-01-07T00:00:00+00:00,00,HUC2_10_Missouri,0.001627451840144701
2019-01-26T00:00:00+00:00,2019-01-07T06:00:00+00:00,06,HUC2_07_UpperMiss,0.0013748897006392426
2019-01-26T00:00:00+00:00,2019-01-07T06:00:00+00:00,06,HUC2_10_Missouri,0.0016309657271866675
2019-01-26T06:00:00+00:00,2019-01-07T12:00:00+00:00,12,HUC2_07_UpperMiss,2.079661230594112e-05
2019-01-26T06:00:00+00:00,2019-01-07T12:00:00+00:00,12,HUC2_10_Missouri,3.031197026147309e-05
2019-01-26T12:00:00+00:00,2019-01-07T18:00:00+00:00,18,HUC2_07_UpperMiss,0.00041319571186148235
2019-01-26T12:00:00+00:00,2019-01-07T18:00:00+00:00,18,HUC2_10_Missouri,0.0027473233260654232
2019-01-26T18:00:00+00:00,2019-01-08T00:00:00+00:00,00,HUC2_07_UpperMiss,0.000249657877524376
2019-01-26T18:00:00+00:00,2019-01-08T00:00:00+00:00,00,HUC2_10_Missouri,0.0004770800320040364
2019-01-27T00:00:00+00:00,2019-01-08T06:00:00+00:00,06,HUC2_07_UpperMiss,2.698941753553759e-05
2019-01-27T00:00:00+00:00,2019-01-08T06:00:00+00:00,06,HUC2_10_Missouri,7.88864888120964e-06
2019-01-27T06:00:00+00:00,2019-01-08T12:00:00+00:00,12,HUC2_07_UpperMiss,4.358407073366853e-05
2019-01-27T06:00:00+00:00,2019-01-08T12:00:00+00:00,12,HUC2_10_Missouri,2.4238188566837188e-05
2019-01-27T12:00:00+00:00,2019-01-08T18:00:00+00:00,18,HUC2_07_UpperMiss,2.5221020576737743e-05
2019-01-27T12:00:00+00:00,2019-01-08T18:00:00+00:00,18,HUC2_10_Missouri,1.9052535144912914e-05
2019-01-27T18:00:00+00:00,2019-01-09T00:00:00+00:00,00,HUC2_07_UpperMiss,0.0003399279942325831
2019-01-27T18:00:00+00:00,2019-01-09T00:00:00+00:00,00,HUC2_10_Missouri,0.0017278712327157952
2019-01-28T00:00:00+00:00,2019-01-09T06:00:00+00:00,06,HUC2_07_UpperMiss,7.956473865898021e-05
2019-01-28T00:00:00+00:00,2019-01-09T06:00:00+00:00,06,HUC2_10_Missouri,0.00015065490467565355
2019-01-28T06:00:00+00:00,2019-01-09T12:00:00+00:00,12,HUC2_07_UpperMiss,0.00039754601772036297
2019-01-28T06:00:00+00:00,2019-01-09T12:00:00+00:00,12,HUC2_10_Missouri,0.0005796712507032975
2019-01-28T12:00:00+00:00,2019-01-09T18:00:00+00:00,18,HUC2_07_UpperMiss,0.0002138902056760725
2019-01-28T12:00:00+00:00,2019-01-09T18:00:00+00:00,18,HUC2_10_Missouri,0.0009790316335004782
2019-01-28T18:00:00+00:00,2019-01-10T00:00:00+00:00,00,HUC2_07_UpperMiss,3.7203948542692304e-05
2019-01-28T18:00:00+00:00,2019-01-10T00:00:00+00:00,00,HUC2_10_Missouri,0.0013799597186443054
2019-01-29T00:00:00+00:00,2019-01-10T06:00:00+00:00,06,HUC2_07_UpperMiss,8.320094444604996e-06
2019-01-29T00:00:00+00:00,2019-01-10T06:00:00+00:00,06,HUC2_10_Missouri,7.330017346868163e-05
2019-01-29T06:00:00+00:00,2019-01-10T12:00:00+00:00,12,HUC2_07_UpperMiss,0.00031543395244352444
2019-01-29T06:00:00+00:00,2019-01-10T12:00:00+00:00,12,HUC2_10_Missouri,0.00023439913022666614
2019-01-29T12:00:00+00:00,2019-01-10T18:00:00+00:00,18,HUC2_07_UpperMiss,0.000722335581038656
2019-01-29T12:00:00+00:00,2019-01-10T18:00:00+00:00,18,HUC2_10_Missouri,0.00217660812551192
2019-01-29T18:00:00+00:00,2019-01-11T00:00:00+00:00,00,HUC2_07_UpperMiss,3.4456592124662016e-05
2019-01-29T18:00:00+00:00,2019-01-11T00:00:00+00:00,00,HUC2_10_Missouri,8.594149746546368e-05
2019-01-30T00:00:00+00:00,2019-01-11T06:00:00+00:00,06,HUC2_07_UpperMiss,0.00027090940393070914
2019-01-30T00:00:00+00:00,2019-01-11T06:00:00+00:00,06,HUC2_10_Missouri,0.000271893976520036
2019-01-30T06:00:00+00:00,2019-01-11T12:00:00+00:00,12,HUC2_07_UpperMiss,2.4126547745287e-05
2019-01-30T06:00:00+00:00,2019-01-11T12:00:00+00:00,12,HUC2_10_Missouri,2.1628021791438998e-05
2019-01-30T12:00:00+00:00,2019-01-11T18:00:00+00:00,18,HUC2_07_UpperMiss,0.0005036753432126629
2019-01-30T12:00:00+00:00,2019-01-11T18:00:00+00:00,18,HUC2_10_Missouri,0.00026946251370780166
2019-01-30T18:00:00+00:00,2019-01-12T00:00:00+00:00,00,HUC2_07_UpperMiss,0.00033344202997912084
2019-01-30T18:00:00+00:00,2019-01-12T00:00:00+00:00,00,HUC2_10_Missouri,3.420994837006776e-06
2019-01-31T00:00:00+00:00,2019-01-12T06:00:00+00:00,06,HUC2_07_UpperMiss,9.29755164917452e-05
2019-01-31T00:00:00+00:00,2019-01-12T06:00:00+00:00,06,HUC2_10_Missouri,0.0001548555430909775
2019-01-31T06:00:00+00:00,2019-01-12T12:00:00+00:00,12,HUC2_07_UpperMiss,0.0007710334134428383
2019-01-31T06:00:00+00:00,2019-01-12T12:00:00+00:00,12,HUC2_10_Missouri,0.0007684498217859655
2019-01-31T12:00:00+00:00,2019-01-12T18:00:00+00:00,18,HUC2_07_UpperMiss,0.00010769269934230984
2019-01-31T12:00:00+00:00,2019-01-12T18:00:00+00:00,18,HUC2_10_Missouri,0.0005557582965121037
2019-01-31T18:00:00+00:00,2019-01-13T00:00:00+00:00,00,HUC2_07_UpperMiss,6.237969895157226e-05
2019-01-31T18:00:00+00:00,2019-01-13T00:00:00+00:00,00,HUC2_10_Missouri,0.00038416324629850836
2019-02-01T00:00:00+00:00,2019-01-13T06:00:00+00:00,06,HUC2_07_UpperMiss,0.00017016339714932631
2019-02-01T00:00:00+00:00,2019-01-13T06:00:00+00:00,06,HUC2_10_Missouri,0.00025719375903573305
2019-02-01T06:00:00+00:00,2019-01-13T12:00:00+00:00,12,HUC2_07_UpperMiss,0.00011375214213651262
2019-02-01T06:00:00+00:00,2019-01-13T12:00:00+00:00,12,HUC2_10_Missouri,0.00046784634513379937
2019-02-01T12:00:00+00:00,2019-01-13T18:00:00+00:00,18,HUC2_07_UpperMiss,0.00016958866036354908
2019-02-01T12:00:00+00:00,2019-01-13T18:00:00+00:00,18,HUC2_10_Missouri,0.0007290783220900566
2019-02-01T18:00:00+00:00,2019-01-14T00:00:00+00:00,00,HUC2_07_UpperMiss,0.0009442689888351322
2019-02-01T18:00:00+00:00,2019-01-14T00:00:00+00:00,00,HUC2_10_Missouri,0.0003046430525719905
2019-02-02T00:00:00+00:00,2019-01-14T06:00:00+00:00,06,HUC2_07_UpperMiss,0.00033744547394782973
2019-02-02T00:00:00+00:00,2019-01-14T06:00:00+00:00,06,HUC2_10_Missouri,0.0013497527069055628
2019-02-02T06:00:00+00:00,2019-01-14T12:00:00+00:00,12,HUC2_07_UpperMiss,0.0004188798421877565
2019-02-02T06:00:00+00:00,2019-01-14T12:00:00+00:00,12,HUC2_10_Missouri,0.0004440009640762944
2019-02-02T12:00:00+00:00,2019-01-14T18:00:00+00:00,18,HUC2_07_UpperMiss,0.0004044379805069863
2019-02-02T12:00:00+00:00,2019-01-14T18:00:00+00:00,18,HUC2_10_Missouri,0.00030477147521417374
2019-02-02T18:00:00+00:00,2019-01-15T00:00:00+00:00,00,HUC2_07_UpperMiss,0.0012024582559374167
2019-02-02T18:00:00+00:00,2019-01-15T00:00:00+00:00,00,HUC2_10_Missouri,0.0011726148250252454
2019-02-03T00:00:00+00:00,2019-01-15T06:00:00+00:00,06,HUC2_07_UpperMiss,5.3091982923004284e-05
2019-02-03T00:00:00+00:00,2019-01-15T06:00:00+00:00,06,HUC2_10_Missouri,0.00034525691755297604
2019-02-03T06:00:00+00:00,2019-01-15T12:00:00+00:00,12,HUC2_07_UpperMiss,3.5197741839881105e-05
2019-02-03T06:00:00+00:00,2019-01-15T12:00:00+00:00,12,HUC2_10_Missouri,0.0007347570456803468
2019-02-03T12:00:00+00:00,2019-01-15T18:00:00+00:00,18,HUC2_07_UpperMiss,4.16584404785465e-05
2019-02-03T12:00:00+00:00,2019-01-15T18:00:00+00:00,18,HUC2_10_Missouri,0.001086965440198948
2019-02-03T18:00:00+00:00,2019-01-16T00:00:00+00:00,00,HUC2_07_UpperMiss,0.0007969003050661371
2019-02-03T18:00:00+00:00,2019-01-16T00:00:00+00:00,00,HUC2_10_Missouri,0.003133850590600995
2019-02-04T00:00:00+00:00,2019-01-16T06:00:00+00:00,06,HUC2_07_UpperMiss,2.5105966372903192e-05
2019-02-04T00:00:00+00:00,2019-01-16T06:00:00+00:00,06,HUC2_10_Missouri,0.00017309295434190036
2019-02-04T06:00:00+00:00,2019-01-16T12:00:00+00:00,12,HUC2_07_UpperMiss,0.00021723193772479698
2019-02-04T06:00:00+00:00,2019-01-16T12:00:00+00:00,12,HUC2_10_Missouri,0.0010014575776483442
2019-02-04T12:00:00+00:00,2019-01-16T18:00:00+00:00,18,HUC2_07_UpperMiss,0.00070819402809894
2019-02-04T12:00:00+00:00,2019-01-16T18:00:00+00:00,18,HUC2_10_Missouri,0.0017499817179241004
2019-02-04T18:00:00+00:00,2019-01-17T00:00:00+00:00,00,HUC2_07_UpperMiss,0.0007597994020038354
2019-02-04T18:00:00+00:00,2019-01-17T00:00:00+00:00,00,HUC2_10_Missouri,0.0009427990284192919
2019-02-05T00:00:00+00:00,2019-01-17T06:00:00+00:00,06,HUC2_07_UpperMiss,0.00020207025988034974
2019-02-05T00:00:00+00:00,2019-01-17T06:00:00+00:00,06,HUC2_10_Missouri,0.0027391847229233544
2019-02-05T06:00:00+00:00,2019-01-17T12:00:00+00:00,12,HUC2_07_UpperMiss,0.0001148381333485166
2019-02-05T06:00:00+00:00,2019-01-17T12:00:00+00:00,12,HUC2_10_Missouri,0.0004853646138844431
2019-02-05T12:00:00+00:00,2019-01-17T18:00:00+00:00,18,HUC2_07_UpperMiss,2.9085108218002055e-06
2019-02-05T12:00:00+00:00,2019-01-17T18:00:00+00:00,18,HUC2_10_Missouri,0.0009900275286993038
2019-02-05T18:00:00+00:00,2019-01-18T00:00:00+00:00,00,HUC2_07_UpperMiss,0.00023311386221305328
2019-02-05T18:00:00+00:00,2019-01-18T00:00:00+00:00,00,HUC2_10_Missouri,0.0002127930123925002
2019-02-06T00:00:00+00:00,2019-01-18T06:00:00+00:00,06,HUC2_07_UpperMiss,0.0003753287415790125
2019-02-06T00:00:00+00:00,2019-01-18T06:00:00+00:00,06,HUC2_10_Missouri,0.0001959397626598914
2019-02-06T06:00:00+00:00,2019-01-18T12:00:00+00:00,12,HUC2_07_UpperMiss,0.0003428931765348547
2019-02-06T06:00:00+00:00,2019-01-18T12:00:00+00:00,12,HUC2_10_Missouri,0.002862261238381047
2019-02-06T12:00:00+00:00,2019-01-18T18:00:00+00:00,18,HUC2_07_UpperMiss,0.00023008902803145734
2019-02-06T12:00:00+00:00,2019-01-18T18:00:00+00:00,18,HUC2_10_Missouri,0.0010499479316952109
2019-02-06T18:00:00+00:00,2019-01-19T00:00:00+00:00,00,HUC2_07_UpperMiss,0.0005737891406744742
2019-02-06T18:00:00+00:00,2019-01-19T00:00:00+00:00,00,HUC2_10_Missouri,0.00039499557808313223
2019-02-07T00:00:00+00:00,2019-01-19T06:00:00+00:00,06,HUC2_07_UpperMiss,0.00034263232635158914
2019-02-07T00:00:00+00:00,2019-01-19T06:00:00+00:00,06,HUC2_10_Missouri,0.0005037305678242382
2019-02-07T06:00:00+00:00,2019-01-19T12:00:00+00:00,12,HUC2_07_UpperMiss,0.005673626725061621
2019-02-07T06:00:00+00:00,2019-01-19T12:00:00+00:00,12,HUC2_10_Missouri,0.006078968221907484
2019-02-07T12:00:00+00:00,2019-01-19T18:00:00+00:00,18,HUC2_07_UpperMiss,0.00018281789876927295
2019-02-07T12:00:00+00:00,2019-01-19T18:00:00+00:00,18,HUC2_10_Missouri,0.0007946396048745095
2019-02-07T18:00:00+00:00,2019-01-20T00:00:00+00:00,00,HUC2_07_UpperMiss,0.0006462415994362773
2019-02-07T18:00:00+00:00,2019-01-20T00:00:00+00:00,00,HUC2_10_Missouri,0.000987305459809992
2019-02-08T00:00:00+00:00,2019-01-20T06:00:00+00:00,06,HUC2_07_UpperMiss,0.000998549552858178
2019-02-08T00:00:00+00:00,2019-01-20T06:00:00+00:00,06,HUC2_10_Missouri,0.002015458914247696
2019-02-08T06:00:00+00:00,2019-01-20T12:00:00+00:00,12,HUC2_07_UpperMiss,8.82091193974381e-05
2019-02-08T06:00:00+00:00,2019-01-20T12:00:00+00:00,12,HUC2_10_Missouri,0.0007406605284020736
2019-02-08T12:00:00+00:00,2019-01-20T18:00:00+00:00,18,HUC2_07_UpperMiss,0.0003825411549176117
2019-02-08T12:00:00+00:00,2019-01-20T18:00:00+00:00,18,HUC2_10_Missouri,0.0010658697258434486
2019-02-08T18:00:00+00:00,2019-01-21T00:00:00+00:00,00,HUC2_07_UpperMiss,0.00016888116272002366
2019-02-08T18:00:00+00:00,2019-01-21T00:00:00+00:00,00,HUC2_10_Missouri,0.00017723359042938093
2019-02-09T00:00:00+00:00,2019-01-21T06:00:00+00:00,06,HUC2_07_UpperMiss,0.002999851074089627
2019-02-09T00:00:00+00:00,2019-01-21T06:00:00+00:00,06,HUC2_10_Missouri,0.001118808008304225
2019-02-09T06:00:00+00:00,2019-01-21T12:00:00+00:00,12,HUC2_07_UpperMiss,0.0008970766204508883
2019-02-09T06:00:00+00:00,2019-01-21T12:00:00+00:00,12,HUC2_10_Missouri,0.0010897311833640646
2019-02-09T12:00:00+00:00,2019-01-21T18:00:00+00:00,18,HUC2_07_UpperMiss,0.00027359110166767103
2019-02-09T12:00:00+00:00,2019-01-21T18:00:00+00:00,18,HUC2_10_Missouri,0.000135427391799819
2019-02-09T18:00:00+00:00,2019-01-22T00:00:00+00:00,00,HUC2_07_UpperMiss,0.0010424587109668078
2019-02-09T18:00:00+00:00,2019-01-22T00:00:00+00:00,00,HUC2_10_Missouri,0.0005301071794040704
2019-02-10T00:00:00+00:00,2019-01-22T06:00:00+00:00,06,HUC2_07_UpperMiss,0.00016604051658405565
2019-02-10T00:00:00+00:00,2019-01-22T06:00:00+00:00,06,HUC2_10_Missouri,0.000316679399168314
2019-02-10T06:00:00+00:00,2019-01-22T12:00:00+00:00,12,HUC2_07_UpperMiss,4.662575948346204e-05
2019-02-10T06:00:00+00:00,2019-01-22T12:00:00+00:00,12,HUC2_10_Missouri,2.7158063981661457e-05
2019-02-10T12:00:00+00:00,2019-01-22T18:00:00+00:00,18,HUC2_07_UpperMiss,0.0001226583145804805
2019-02-10T12:00:00+00:00,2019-01-22T18:00:00+00:00,18,HUC2_10_Missouri,0.00010709762544978304
2019-02-10T18:00:00+00:00,2019-01-23T00:00:00+00:00,00,HUC2_07_UpperMiss,0.0006144146501134347
2019-02-10T18:00:00+00:00,2019-01-23T00:00:00+00:00,00,HUC2_10_Missouri,0.004171367290698144
2019-02-11T00:00:00+00:00,2019-01-23T06:00:00+00:00,06,HUC2_07_UpperMiss,0.00020157268122365102
2019-02-11T00:00:00+00:00,2019-01-23T06:00:00+00:00,06,HUC2_10_Missouri,0.0005010967091681653
2019-02-11T06:00:00+00:00,2019-01-23T12:00:00+00:00,12,HUC2_07_UpperMiss,8.406332897869613e-05
2019-02-11T06:00:00+00:00,2019-01-23T12:00:00+00:00,12,HUC2_10_Missouri,4.681609622252516e-05
2019-02-11T12:00:00+00:00,2019-01-23T18:00:00+00:00,18,HUC2_07_UpperMiss,0.0004159062081375178
2019-02-11T12:00:00+00:00,2019-01-23T18:00:00+00:00,18,HUC2_10_Missouri,0.0002118909233277317
2019-02-11T18:00:00+00:00,2019-01-24T00:00:00+00:00,00,HUC2_07_UpperMiss,6.522346120651587e-05
2019-02-11T18:00:00+00:00,2019-01-24T00:00:00+00:00,00,HUC2_10_Missouri,2.1512909414874096e-06
2019-02-12T00:00:00+00:00,2019-01-24T06:00:00+00:00,06,HUC2_07_UpperMiss,0.00015541876021159926
2019-02-12T00:00:00+00:00,2019-01-24T06:00:00+00:00,06,HUC2_10_Missouri,5.228937168943732e-05
2019-02-12T06:00:00+00:00,2019-01-24T12:00:00+00:00,12,HUC2_07_UpperMiss,5.483052279089051e-05
2019-02-12T06:00:00+00:00,2019-01-24T12:00:00+00:00,12,HUC2_10_Missouri,0.00020731095948486045
2019-02-12T12:00:00+00:00,2019-01-24T18:00:00+00:00,18,HUC2_07_UpperMiss,3.286389191932543e-07
2019-02-12T12:00:00+00:00,2019-01-24T18:00:00+00:00,18,HUC2_10_Missouri,5.224203089868706e-05
2019-02-12T18:00:00+00:00,2019-01-25T00:00:00+00:00,00,HUC2_07_UpperMiss,0.00012536209502010955
2019-02-12T18:00:00+00:00,2019-01-25T00:00:00+00:00,00,HUC2_10_Missouri,0.0005811091513983282
2019-02-13T00:00:00+00:00,2019-01-25T06:00:00+00:00,06,HUC2_07_UpperMiss,0.00016428670084035394
2019-02-13T00:00:00+00:00,2019-01-25T06:00:00+00:00,06,HUC2_10_Missouri,0.00011934276951302039
2019-02-13T06:00:00+00:00,2019-01-25T12:00:00+00:00,12,HUC2_07_UpperMiss,3.060066447779168e-05
2019-02-13T06:00:00+00:00,2019-01-25T12:00:00+00:00,12,HUC2_10_Missouri,0.00014263404777388616
2019-02-13T12:00:00+00:00,2019-01-25T18:00:00+00:00,18,HUC2_07_UpperMiss,0.0002634117812017834
2019-02-13T12:00:00+00:00,2019-01-25T18:00:00+00:00,18,HUC2_10_Missouri,0.00011515921534455538
2019-02-13T18:00:00+00:00,2019-01-26T00:00:00+00:00,00,HUC2_07_UpperMiss,0.00032216504587678253
2019-02-13T18:00:00+00:00,2019-01-26T00:00:00+00:00,00,HUC2_10_Missouri,0.0013700299061867069
2019-02-14T00:00:00+00:00,2019-01-26T06:00:00+00:00,06,HUC2_07_UpperMiss,0.00017869162184392474
2019-02-14T00:00:00+00:00,2019-01-26T06:00:00+00:00,06,HUC2_10_Missouri,0.0006588833910960716
2019-02-14T06:00:00+00:00,2019-01-26T12:00:00+00:00,12,HUC2_07_UpperMiss,3.554986831016358e-05
2019-02-14T06:00:00+00:00,2019-01-26T12:00:00+00:00,12,HUC2_10_Missouri,0.000988256366760491
2019-02-14T12:00:00+00:00,2019-01-26T18:00:00+00:00,18,HUC2_07_UpperMiss,0.00012070147121308092
2019-02-14T12:00:00+00:00,2019-01-26T18:00:00+00:00,18,HUC2_10_Missouri,0.0005191190331899149
2019-02-14T18:00:00+00:00,2019-01-27T00:00:00+00:00,00,HUC2_07_UpperMiss,5.555873471899074e-05
2019-02-14T18:00:00+00:00,2019-01-27T00:00:00+00:00,00,HUC2_10_Missouri,2.5425346389243987e-05
2019-02-15T00:00:00+00:00,2019-01-27T06:00:00+00:00,06,HUC2_07_UpperMiss,0.000261784658267032
2019-02-15T00:00:00+00:00,2019-01-27T06:00:00+00:00,06,HUC2_10_Missouri,0.0009937910048420516
2019-02-15T06:00:00+00:00,2019-01-27T12:00:00+00:00,12,HUC2_07_UpperMiss,0.0001008046784516252
2019-02-15T06:00:00+00:00,2019-01-27T12:00:00+00:00,12,HUC2_10_Missouri,0.00011194310735070033
2019-02-15T12:00:00+00:00,2019-01-27T18:00:00+00:00,18,HUC2_07_UpperMiss,0.0006475712239765107
2019-02-15T12:00:00+00:00,2019-01-27T18:00:00+00:00,18,HUC2_10_Missouri,0.0006897826854998652
2019-02-15T18:00:00+00:00,2019-01-28T00:00:00+00:00,00,HUC2_07_UpperMiss,0.0024236759567385587
2019-02-15T18:00:00+00:00,2019-01-28T00:00:00+00:00,00,HUC2_10_Missouri,0.0009124026846178557
2019-02-16T00:00:00+00:00,2019-01-28T06:00:00+00:00,06,HUC2_07_UpperMiss,0.0003030303198009924
2019-02-16T00:00:00+00:00,2019-01-28T06:00:00+00:00,06,HUC2_10_Missouri,8.657664956631376e-05
2019-02-16T06:00:00+00:00,2019-01-28T12:00:00+00:00,12,HUC2_07_UpperMiss,3.5656069781081893e-06
2019-02-16T06:00:00+00:00,2019-01-28T12:00:00+00:00,12,HUC2_10_Missouri,0.0016662854553536838
2019-02-16T12:00:00+00:00,2019-01-28T18:00:00+00:00,18,HUC2_07_UpperMiss,6.153216891168036e-05
2019-02-16T12:00:00+00:00,2019-01-28T18:00:00+00:00,18,HUC2_10_Missouri,5.758241623407614e-05
2019-02-16T18:00:00+00:00,2019-01-29T00:00:00+00:00,00,HUC2_07_UpperMiss,2.0091637301374462e-05
2019-02-16T18:00:00+00:00,2019-01-29T00:00:00+00:00,00,HUC2_10_Missouri,0.00014707779645572883
2019-02-17T00:00:00+00:00,2019-01-29T06:00:00+00:00,06,HUC2_07_UpperMiss,0.0002520044654890559
2019-02-17T00:00:00+00:00,2019-01-29T06:00:00+00:00,06,HUC2_10_Missouri,0.0015672177462825775
2019-02-17T06:00:00+00:00,2019-01-29T12:00:00+00:00,12,HUC2_07_UpperMiss,0.002029586650134659
2019-02-17T06:00:00+00:00,2019-01-29T12:00:00+00:00,12,HUC2_10_Missouri,0.002508231452670609
2019-02-17T12:00:00+00:00,2019-01-29T18:00:00+00:00,18,HUC2_07_UpperMiss,0.0014636764300741852
2019-02-17T12:00:00+00:00,2019-01-29T18:00:00+00:00,18,HUC2_10_Missouri,0.000924116922925643
2019-02-17T18:00:00+00:00,2019-01-30T00:00:00+00:00,00,HUC2_07_UpperMiss,0.00021771247882549082
2019-02-17T18:00:00+00:00,2019-01-30T00:00:00+00:00,00,HUC2_10_Missouri,0.0008893065466785469
2019-02-18T00:00:00+00:00,2019-01-30T06:00:00+00:00,06,HUC2_07_UpperMiss,0.0019234614887479792
2019-02-18T00:00:00+00:00,2019-01-30T06:00:00+00:00,06,HUC2_10_Missouri,0.0009461114757650523
2019-02-18T06:00:00+00:00,2019-01-30T12:00:00+00:00,12,HUC2_07_UpperMiss,0.0018353256185135508
2019-02-18T06:00:00+00:00,2019-01-30T12:00:00+00:00,12,HUC2_10_Missouri,0.002784624548981964
2019-02-18T12:00:00+00:00,2019-01-30T18:00:00+00:00,18,HUC2_07_UpperMiss,0.0017452945095259255
2019-02-18T12:00:00+00:00,2019-01-30T18:00:00+00:00,18,HUC2_10_Missouri,0.0038131225777659227
2019-02-18T18:00:00+00:00,2019-01-31T00:00:00+00:00,00,HUC2_07_UpperMiss,8.556756086082075e-05
2019-02-18T18:00:00+00:00,2019-01-31T00:00:00+00:00,00,HUC2_10_Missouri,1.5562792079003672e-05
2019-02-19T00:00:00+00:00,2019-01-31T06:00:00+00:00,06,HUC2_07_UpperMiss,0.0001281422359567234
2019-02-19T00:00:00+00:00,2019-01-31T06:00:00+00:00,06,HUC2_10_Missouri,0.0002598360370111987
2019-02-19T06:00:00+00:00,2019-01-31T12:00:00+00:00,12,HUC2_07_UpperMiss,6.0261560774310584e-05
2019-02-19T06:00:00+00:00,2019-01-31T12:00:00+00:00,12,HUC2_10_Missouri,0.00026794009128390983
2019-02-19T12:00:00+00:00,2019-01-31T18:00:00+00:00,18,HUC2_07_UpperMiss,0.00019811819477492682
2019-02-19T12:00:00+00:00,2019-01-31T18:00:00+00:00,18,HUC2_10_Missouri,0.00020622940926601612
2019-02-19T18:00:00+00:00,2019-02-01T00:00:00+00:00,00,HUC2_07_UpperMiss,0.0001985702459970149
2019-02-19T18:00:00+00:00,2019-02-01T00:00:00+00:00,00,HUC2_10_Missouri,0.0006076912333967567
2019-02-20T00:00:00+00:00,2019-02-01T06:00:00+00:00,06,HUC2_07_UpperMiss,0.00020565707752557698
2019-02-20T00:00:00+00:00,2019-02-01T06:00:00+00:00,06,HUC2_10_Missouri,0.0007300851494879283
2019-02-20T06:00:00+00:00,2019-02-01T12:00:00+00:00,12,HUC2_07_UpperMiss,0.00026483187575568454
2019-02-20T06:00:00+00:00,2019-02-01T12:00:00+00:00,12,HUC2_10_Missouri,0.002733422782423287
2019-02-20T12:00:00+00:00,2019-02-01T18:00:00+00:00,18,HUC2_07_UpperMiss,7.715986051959861e-05
2019-02-20T12:00:00+00:00,2019-02-01T18:00:00+00:00,18,HUC2_10_Missouri,0.00010121522365742243
2019-02-20T18:00:00+00:00,2019-02-02T00:00:00+00:00,00,HUC2_07_UpperMiss,1.830651583004799e-05
2019-02-20T18:00:00+00:00,2019-02-02T00:00:00+00:00,00,HUC2_10_Missouri,0.0002830877557624154
2019-02-21T00:00:00+00:00,2019-02-02T06:00:00+00:00,06,HUC2_07_UpperMiss,6.300522780177385e-06
2019-02-21T00:00:00+00:00,2019-02-02T06:00:00+00:00,06,HUC2_10_Missouri,0.00018213651726379945
2019-02-21T06:00:00+00:00,2019-02-02T12:00:00+00:00,12,HUC2_07_UpperMiss,2.8768167093764467e-05
2019-02-21T06:00:00+00:00,2019-02-02T12:00:00+00:00,12,HUC2_10_Missouri,0.00010358231531016804
2019-02-21T12:00:00+00:00,2019-02-02T18:00:00+00:00,18,HUC2_07_UpperMiss,0.00030709840437522634
2019-02-21T12:00:00+00:00,2019-02-02T18:00:00+00:00,18,HUC2_10_Missouri,0.00038693196246662324
2019-02-21T18:00:00+00:00,2019-02-03T00:00:00+00:00,00,HUC2_07_UpperMiss,0.003930610120671242
2019-02-21T18:00:00+00:00,2019-02-03T00:00:00+00:00,00,HUC2_10_Missouri,0.003908977856273954
2019-02-22T00:00:00+00:00,2019-02-03T06:00:00+00:00,06,HUC2_07_UpperMiss,8.999743692033666e-05
2019-02-22T00:00:00+00:00,2019-02-03T06:00:00+00:00,06,HUC2_10_Missouri,0.0007267287155411834
2019-02-22T06:00:00+00:00,2019-02-03T12:00:00+00:00,12,HUC2_07_UpperMiss,0.00017121060922097665
2019-02-22T06:00:00+00:00,2019-02-03T12:00:00+00:00,12,HUC2_10_Missouri,0.00018767155724732496
2019-02-22T12:00:00+00:00,2019-02-03T18:00:00+00:00,18,HUC2_07_UpperMiss,0.0008140966910263598
2019-02-22T12:00:00+00:00,2019-02-03T18:00:00+00:00,18,HUC2_10_Missouri,0.00023623841954235243
2019-02-22T18:00:00+00:00,2019-02-04T00:00:00+00:00,00,HUC2_07_UpperMiss,0.00047746839085030816
2019-02-22T18:00:00+00:00,2019-02-04T00:00:00+00:00,00,HUC2_10_Missouri,0.0004907721044109954
2019-02-23T00:00:00+00:00,2019-02-04T06:00:00+00:00,06,HUC2_07_UpperMiss,0.00013384577181993216
2019-02-23T00:00:00+00:00,2019-02-04T06:00:00+00:00,06,HUC2_10_Missouri,0.0003047320770162926
2019-02-23T06:00:00+00:00,2019-02-04T12:00:00+00:00,12,HUC2_07_UpperMiss,0.0002825866762514662
2019-02-23T06:00:00+00:00,2019-02-04T12:00:00+00:00,12,HUC2_10_Missouri,0.0002921296153934457
2019-02-23T12:00:00+00:00,2019-02-04T18:00:00+00:00,18,HUC2_07_UpperMiss,5.954021723671273e-05
2019-02-23T12:00:00+00:00,2019-02-04T18:00:00+00:00,18,HUC2_10_Missouri,2.051628202029118e-05
2019-02-23T18:00:00+00:00,2019-02-05T00:00:00+00:00,00,HUC2_07_UpperMiss,0.00013581028298056754
2019-02-23T18:00:00+00:00,2019-02-05T00:00:00+00:00,00,HUC2_10_Missouri,6.537604769196867e-05
2019-02-24T00:00:00+00:00,2019-02-05T06:00:00+00:00,06,HUC2_07_UpperMiss,0.0007116780377093945
2019-02-24T00:00:00+00:00,2019-02-05T06:00:00+00:00,06,HUC2_10_Missouri,0.0010125005251340562
2019-02-24T06:00:00+00:00,2019-02-05T12:00:00+00:00,12,HUC2_07_UpperMiss,7.302308021942826e-05
2019-02-24T06:00:00+00:00,2019-02-05T12:00:00+00:00,12,HUC2_10_Missouri,0.0004986960170784905
2019-02-24T12:00:00+00:00,2019-02-05T18:00:00+00:00,18,HUC2_07_UpperMiss,1.01644070083594e-05
2019-02-24T12:00:00+00:00,2019-02-05T18:00:00+00:00,18,HUC2_10_Missouri,0.0001866902237740672
2019-02-24T18:00:00+00:00,2019-02-06T00:00:00+00:00,00,HUC2_07_UpperMiss,0.000182086265849682
2019-02-24T18:00:00+00:00,2019-02-06T00:00:00+00:00,00,HUC2_10_Missouri,0.0006413545388509112
2019-02-25T00:00:00+00:00,2019-02-06T06:00:00+00:00,06,HUC2_07_UpperMiss,0.0010854989406700415
2019-02-25T00:00:00+00:00,2019-02-06T06:00:00+00:00,06,HUC2_10_Missouri,0.0034445393980869644
2019-02-25T06:00:00+00:00,2019-02-06T12:00:00+00:00,12,HUC2_07_UpperMiss,0.0009548453664660511
2019-02-25T06:00:00+00:00,2019-02-06T12:00:00+00:00,12,HUC2_10_Missouri,0.0006241988189401499
2019-02-25T12:00:00+00:00,2019-02-06T18:00:00+00:00,18,HUC2_07_UpperMiss,0.0008349127955223943
2019-02-25T12:00:00+00:00,2019-02-06T18:00:00+00:00,18,HUC2_10_Missouri,0.006389871109567548
2019-02-25T18:00:00+00:00,2019-02-07T00:00:00+00:00,00,HUC2_07_UpperMiss,0.00041740723648835126
2019-02-25T18:00:00+00:00,2019-02-07T00:00:00+00:00,00,HUC2_10_Missouri,0.002259179153159281
2019-02-26T00:00:00+00:00,2019-02-07T06:00:00+00:00,06,HUC2_07_UpperMiss,0.00012713628587103656
2019-02-26T00:00:00+00:00,2019-02-07T06:00:00+00:00,06,HUC2_10_Missouri,0.002149658410985606
2019-02-26T06:00:00+00:00,2019-02-07T12:00:00+00:00,12,HUC2_07_UpperMiss,6.684244275855418e-05
2019-02-26T06:00:00+00:00,2019-02-07T12:00:00+00:00,12,HUC2_10_Missouri,0.0009774983679124293
2019-02-26T12:00:00+00:00,2019-02-07T18:00:00+00:00,18,HUC2_07_UpperMiss,0.00021301461036105012
2019-02-26T12:00:00+00:00,2019-02-07T18:00:00+00:00,18,HUC2_10_Missouri,0.00012229316193880415
2019-02-26T18:00:00+00:00,2019-02-08T00:00:00+00:00,00,HUC2_07_UpperMiss,0.0007612492286785967
2019-02-26T18:00:00+00:00,2019-02-08T00:00:00+00:00,00,HUC2_10_Missouri,0.0001952467693168343
2019-02-27T00:00:00+00:00,2019-02-08T06:00:00+00:00,06,HUC2_07_UpperMiss,0.0001730963105048018
2019-02-27T00:00:00+00:00,2019-02-08T06:00:00+00:00,06,HUC2_10_Missouri,0.00031932017315561154
2019-02-27T06:00:00+00:00,2019-02-08T12:00:00+00:00,12,HUC2_07_UpperMiss,0.0012338884135822193
2019-02-27T06:00:00+00:00,2019-02-08T12:00:00+00:00,12,HUC2_10_Missouri,0.0026573904264310787
2019-02-27T12:00:00+00:00,2019-02-08T18:00:00+00:00,18,HUC2_07_UpperMiss,0.00010423043148221309
2019-02-27T12:00:00+00:00,2019-02-08T18:00:00+00:00,18,HUC2_10_Missouri,0.0003928442545364605
2019-02-27T18:00:00+00:00,2019-02-09T00:00:00+00:00,00,HUC2_07_UpperMiss,2.7174464477931884e-06
2019-02-27T18:00:00+00:00,2019-02-09T00:00:00+00:00,00,HUC2_10_Missouri,8.795558739427545e-05
2019-02-28T00:00:00+00:00,2019-02-09T06:00:00+00:00,06,HUC2_07_UpperMiss,8.233529517545926e-05
2019-02-28T00:00:00+00:00,2019-02-09T06:00:00+00:00,06,HUC2_10_Missouri,0.00020131689974523583
2019-02-28T06:00:00+00:00,2019-02-09T12:00:00+00:00,12,HUC2_07_UpperMiss,0.0001119775658539291
2019-02-28T06:00:00+00:00,2019-02-09T12:00:00+00:00,12,HUC2_10_Missouri,5.167754070231488e-05
2019-02-28T12:00:00+00:00,2019-02-09T18:00:00+00:00,18,HUC2_07_UpperMiss,0.00028208120327073797
2019-02-28T12:00:00+00:00,2019-02-09T18:00:00+00:00,18,HUC2_10_Missouri,0.0009734073094709793
2019-02-28T18:00:00+00:00,2019-02-10T00:00:00+00:00,00,HUC2_07_UpperMiss,0.00012174457547761823
2019-02-28T18:00:00+00:00,2019-02-10T00:00:00+00:00,00,HUC2_10_Missouri,0.0001467751133944034
2019-03-01T00:00:00+00:00,2019-02-10T06:00:00+00:00,06,HUC2_07_UpperMiss,0.0003256152450952535
2019-03-01T00:00:00+00:00,2019-02-10T06:00:00+00:00,06,HUC2_10_Missouri,0.000751642216967914
2019-03-01T06:00:00+00:00,2019-02-10T12:00:00+00:00,12,HUC2_07_UpperMiss,4.3836935145711374e-05
2019-03-01T06:00:00+00:00,2019-02-10T12:00:00+00:00,12,HUC2_10_Missouri,0.00034395522583495177
2019-03-01T12:00:00+00:00,2019-02-10T18:00:00+00:00,18,HUC2_07_UpperMiss,5.9487787366635935e-05
2019-03-01T12:00:00+00:00,2019-02-10T18:00:00+00:00,18,HUC2_10_Missouri,9.348255005964686e-05
2019-03-01T18:00:00+00:00,2019-02-11T00:00:00+00:00,00,HUC2_07_UpperMiss,6.18222581330797e-05
2019-03-01T18:00:00+00:00,2019-02-11T00:00:00+00:00,00,HUC2_10_Missouri,0.00030302651355804924
2019-03-02T00:00:00+00:00,2019-02-11T06:00:00+00:00,06,HUC2_07_UpperMiss,0.0004285567427829729
2019-03-02T00:00:00+00:00,2019-02-11T06:00:00+00:00,06,HUC2_10_Missouri,0.00013989381910478572
2019-03-02T06:00:00+00:00,2019-02-11T12:00:00+00:00,12,HUC2_07_UpperMiss,0.00010677453459128569
2019-03-02T06:00:00+00:00,2019-02-11T12:00:00+00:00,12,HUC2_10_Missouri,0.001904123271190542
2019-03-02T12:00:00+00:00,2019-02-11T18:00:00+00:00,18,HUC2_07_UpperMiss,4.869547245208392e-06
2019-03-02T12:00:00+00:00,2019-02-11T18:00:00+00:00,18,HUC2_10_Missouri,9.07874329438734e-05
2019-03-02T18:00:00+00:00,2019-02-12T00:00:00+00:00,00,HUC2_07_UpperMiss,0.00023903263095407238
2019-03-02T18:00:00+00:00,2019-02-12T00:00:00+00:00,00,HUC2_10_Missouri,0.0014167085219358889
2019-03-03T00:00:00+00:00,2019-02-12T06:00:00+00:00,06,HUC2_07_UpperMiss,0.00014795539143688715
2019-03-03T00:00:00+00:00,2019-02-12T06:00:00+00:00,06,HUC2_10_Missouri,0.0014399623709431203
2019-03-03T06:00:00+00:00,2019-02-12T12:00:00+00:00,12,HUC2_07_UpperMiss,0.00010579520301268401
2019-03-03T06:00:00+00:00,2019-02-12T12:00:00+00:00,12,HUC2_10_Missouri,0.00012851752636750078
2019-03-03T12:00:00+00:00,2019-02-12T18:00:00+00:00,18,HUC2_07_UpperMiss,2.365655062243754e-05
2019-03-03T12:00:00+00:00,2019-02-12T18:00:00+00:00,18,HUC2_10_Missouri,0.00021886547176051306
2019-03-03T18:00:00+00:00,2019-02-13T00:00:00+00:00,00,HUC2_07_UpperMiss,0.0004923404726911334
2019-03-03T18:00:00+00:00,2019-02-13T00:00:00+00:00,00,HUC2_10_Missouri,0.0017248063283168656
2019-03-04T00:00:00+00:00,2019-02-13T06:00:00+00:00,06,HUC2_07_UpperMiss,4.046127271425156e-05
2019-03-04T00:00:00+00:00,2019-02-13T06:00:00+00:00,06,HUC2_10_Missouri,8.740370520207187e-05
2019-03-04T06:00:00+00:00,2019-02-13T12:00:00+00:00,12,HUC2_07_UpperMiss,0.00027745949717947004
2019-03-04T06:00:00+00:00,2019-02-13T12:00:00+00:00,12,HUC2_10_Missouri,0.00017427394665370518
2019-03-04T12:00:00+00:00,2019-02-13T18:00:00+00:00,18,HUC2_07_UpperMiss,0.0012219252254356177
2019-03-04T12:00:00+00:00,2019-02-13T18:00:00+00:00,18,HUC2_10_Missouri,0.001021161595096625
2019-03-04T18:00:00+00:00,2019-02-14T00:00:00+00:00,00,HUC2_07_UpperMiss,0.0008853106925489505
2019-03-04T18:00:00+00:00,2019-02-14T00:00:00+00:00,00,HUC2_10_Missouri,0.0009494363508701739
2019-03-05T00:00:00+00:00,2019-02-14T06:00:00+00:00,06,HUC2_07_UpperMiss,0.0003959419969692741
2019-03-05T00:00:00+00:00,2019-02-14T06:00:00+00:00,06,HUC2_10_Missouri,0.00035938493414107626
2019-03-05T06:00:00+00:00,2019-02-14T12:00:00+00:00,12,HUC2_07_UpperMiss,0.0027687679605197684
2019-03-05T06:00:00+00:00,2019-02-14T12:00:00+00:00,12,HUC2_10_Missouri,0.00234935226002414
2019-03-05T12:00:00+00:00,2019-02-14T18:00:00+00:00,18,HUC2_07_UpperMiss,0.0002521761690879672
2019-03-05T12:00:00+00:00,2019-02-14T18:00:00+00:00,18,HUC2_10_Missouri,0.00013867031431259727
2019-03-05T18:00:00+00:00,2019-02-15T00:00:00+00:00,00,HUC2_07_UpperMiss,0.00011805058843947264
2019-03-05T18:00:00+00:00,2019-02-15T00:00:00+00:00,00,HUC2_10_Missouri,0.0010413664364545875
2019-03-06T00:00:00+00:00,2019-02-15T06:00:00+00:00,06,HUC2_07_UpperMiss,5.3509086051867365e-05
2019-03-06T00:00:00+00:00,2019-02-15T06:00:00+00:00,06,HUC2_10_Missouri,0.000801100630114781
2019-03-06T06:00:00+00:00,2019-02-15T12:00:00+00:00,12,HUC2_07_UpperMiss,7.356980959731285e-05
2019-03-06T06:00:00+00:00,2019-02-15T12:00:00+00:00,12,HUC2_10_Missouri,8.573780199947337e-05
2019-03-06T12:00:00+00:00,2019-02-15T18:00:00+00:00,18,HUC2_07_UpperMiss,0.0015119292040037297
2019-03-06T12:00:00+00:00,2019-02-15T18:00:00+00:00,18,HUC2_10_Missouri,0.0031379546774254474
2019-03-06T18:00:00+00:00,2019-02-16T00:00:00+00:00,00,HUC2_07_UpperMiss,0.0019968652754000322
2019-03-06T18:00:00+00:00,2019-02-16T00:00:00+00:00,00,HUC2_10_Missouri,0.002243527667489923
2019-03-07T00:00:00+00:00,2019-02-16T06:00:00+00:00,06,HUC2_07_UpperMiss,0.0007975776351149985
2019-03-07T00:00:00+00:00,2019-02-16T06:00:00+00:00,06,HUC2_10_Missouri,0.005495853397880318
2019-03-07T06:00:00+00:00,2019-02-16T12:00:00+00:00,12,HUC2_07_UpperMiss,0.0003504317328999331
2019-03-07T06:00:00+00:00,2019-02-16T12:00:00+00:00,12,HUC2_10_Missouri,0.00019153233536236769
2019-03-07T12:00:00+00:00,2019-02-16T18:00:00+00:00,18,HUC2_07_UpperMiss,0.0023881932807456
2019-03-07T12:00:00+00:00,2019-02-16T18:00:00+00:00,18,HUC2_10_Missouri,0.0003385262267072303
2019-03-07T18:00:00+00:00,2019-02-17T00:00:00+00:00,00,HUC2_07_UpperMiss,0.00012287156892872283
2019-03-07T18:00:00+00:00,2019-02-17T00:00:00+00:00,00,HUC2_10_Missouri,0.00015862220309914937
2019-03-08T00:00:00+00:00,2019-02-17T06:00:00+00:00,06,HUC2_07_UpperMiss,0.0006609222507934867
2019-03-08T00:00:00+00:00,2019-02-17T06:00:00+00:00,06,HUC2_10_Missouri,0.004511869058508185
2019-03-08T06:00:00+00:00,2019-02-17T12:00:00+00:00,12,HUC2_07_UpperMiss,0.00015504200716478985
2019-03-08T06:00:00+00:00,2019-02-17T12:00:00+00:00,12,HUC2_10_Missouri,0.0006311210922578233
2019-03-08T12:00:00+00:00,2019-02-17T18:00:00+00:00,18,HUC2_07_UpperMiss,0.0005155886246772773
2019-03-08T12:00:00+00:00,2019-02-17T18:00:00+00:00,18,HUC2_10_Missouri,0.00045345807773203187
2019-03-08T18:00:00+00:00,2019-02-18T00:00:00+00:00,00,HUC2_07_UpperMiss,0.00019702069105257303
2019-03-08T18:00:00+00:00,2019-02-18T00:00:00+00:00,00,HUC2_10_Missouri,0.0009548722479181467
2019-03-09T00:00:00+00:00,2019-02-18T06:00:00+00:00,06,HUC2_07_UpperMiss,0.00024169572467421256
2019-03-09T00:00:00+00:00,2019-02-18T06:00:00+00:00,06,HUC2_10_Missouri,0.0003447751178590316
2019-03-09T06:00:00+00:00,2019-02-18T12:00:00+00:00,12,HUC2_07_UpperMiss,0.0003987868070133202
2019-03-09T06:00:00+00:00,2019-02-18T12:00:00+00:00,12,HUC2_10_Missouri,0.001306499461643405
2019-03-09T12:00:00+00:00,2019-02-18T18:00:00+00:00,18,HUC2_07_UpperMiss,0.00042684192398661434
2019-03-09T12:00:00+00:00,2019-02-18T18:00:00+00:00,18,HUC2_10_Missouri,0.00403183098354561
2019-03-09T18:00:00+00:00,2019-02-19T00:00:00+00:00,00,HUC2_07_UpperMiss,0.00019070026251805856
2019-03-09T18:00:00+00:00,2019-02-19T00:00:00+00:00,00,HUC2_10_Missouri,0.0006371368385247186
2019-03-10T00:00:00+00:00,2019-02-19T06:00:00+00:00,06,HUC2_07_UpperMiss,9.127713069582978e-05
2019-03-10T00:00:00+00:00,2019-02-19T06:00:00+00:00,06,HUC2_10_Missouri,0.000384504947232414
2019-03-10T06:00:00+00:00,2019-02-19T12:00:00+00:00,12,HUC2_07_UpperMiss,0.0004571395026816743
2019-03-10T06:00:00+00:00,2019-02-19T12:00:00+00:00,12,HUC2_10_Missouri,0.0008000934986670207
2019-03-10T12:00:00+00:00,2019-02-19T18:00:00+00:00,18,HUC2_07_UpperMiss,0.00010194763723427556
2019-03-10T12:00:00+00:00,2019-02-19T18:00:00+00:00,18,HUC2_10_Missouri,0.0006968297863296647
2019-03-10T18:00:00+00:00,2019-02-20T00:00:00+00:00,00,HUC2_07_UpperMiss,3.43149911691992e-05
2019-03-10T18:00:00+00:00,2019-02-20T00:00:00+00:00,00,HUC2_10_Missouri,0.0006753217116743357
2019-03-11T00:00:00+00:00,2019-02-20T06:00:00+00:00,06,HUC2_07_UpperMiss,0.0004087147789167744
2019-03-11T00:00:00+00:00,2019-02-20T06:00:00+00:00,06,HUC2_10_Missouri,0.0005912769537182035
2019-03-11T06:00:00+00:00,2019-02-20T12:00:00+00:00,12,HUC2_07_UpperMiss,0.002150647445674508
2019-03-11T06:00:00+00:00,2019-02-20T12:00:00+00:00,12,HUC2_10_Missouri,0.0010993293294841555
2019-03-11T12:00:00+00:00,2019-02-20T18:00:00+00:00,18,HUC2_07_UpperMiss,0.00028085881124291327
2019-03-11T12:00:00+00:00,2019-02-20T18:00:00+00:00,18,HUC2_10_Missouri,0.0006190279948767526
2019-03-11T18:00:00+00:00,2019-02-21T00:00:00+00:00,00,HUC2_07_UpperMiss,0.00034108252452184673
2019-03-11T18:00:00+00:00,2019-02-21T00:00:00+00:00,00,HUC2_10_Missouri,0.00036161667385475866
2019-03-12T00:00:00+00:00,2019-02-21T06:00:00+00:00,06,HUC2_07_UpperMiss,0.0002664588985107171
2019-03-12T00:00:00+00:00,2019-02-21T06:00:00+00:00,06,HUC2_10_Missouri,0.00021312779857210126
2019-03-12T06:00:00+00:00,2019-02-21T12:00:00+00:00,12,HUC2_07_UpperMiss,0.0002990233359831708
2019-03-12T06:00:00+00:00,2019-02-21T12:00:00+00:00,12,HUC2_10_Missouri,0.0025866673064421633
2019-03-12T12:00:00+00:00,2019-02-21T18:00:00+00:00,18,HUC2_07_UpperMiss,3.060492622362442e-05
2019-03-12T12:00:00+00:00,2019-02-21T18:00:00+00:00,18,HUC2_10_Missouri,0.0020889604351982047
2019-03-12T18:00:00+00:00,2019-02-22T00:00:00+00:00,00,HUC2_07_UpperMiss,0.00016428863388593315
2019-03-12T18:00:00+00:00,2019-02-22T00:00:00+00:00,00,HUC2_10_Missouri,0.0006977258616058441
2019-03-13T00:00:00+00:00,2019-02-22T06:00:00+00:00,06,HUC2_07_UpperMiss,0.0001500067476826344
2019-03-13T00:00:00+00:00,2019-02-22T06:00:00+00:00,06,HUC2_10_Missouri,0.0008919448212620638
2019-03-13T06:00:00+00:00,2019-02-22T12:00:00+00:00,12,HUC2_07_UpperMiss,4.7102816245687534e-05
2019-03-13T06:00:00+00:00,2019-02-22T12:00:00+00:00,12,HUC2_10_Missouri,0.0033516507814013376
2019-03-13T12:00:00+00:00,2019-02-22T18:00:00+00:00,18,HUC2_07_UpperMiss,0.00012924809218459334
2019-03-13T12:00:00+00:00,2019-02-22T18:00:00+00:00,18,HUC2_10_Missouri,0.00019158474620612948
2019-03-13T18:00:00+00:00,2019-02-23T00:00:00+00:00,00,HUC2_07_UpperMiss,0.00026248300404120464
2019-03-13T18:00:00+00:00,2019-02-23T00:00:00+00:00,00,HUC2_10_Missouri,0.0006809153480913667
2019-03-14T00:00:00+00:00,2019-02-23T06:00:00+00:00,06,HUC2_07_UpperMiss,0.0008660721228611647
2019-03-14T00:00:00+00:00,2019-02-23T06:00:00+00:00,06,HUC2_10_Missouri,0.0006269504346043853
2019-03-14T06:00:00+00:00,2019-02-23T12:00:00+00:00,12,HUC2_07_UpperMiss,0.002221039072894285
2019-03-14T06:00:00+00:00,2019-02-23T12:00:00+00:00,12,HUC2_10_Missouri,0.0011314379046511542
2019-03-14T12:00:00+00:00,2019-02-23T18:00:00+00:00,18,HUC2_07_UpperMiss,0.0055280572935494645
2019-03-14T12:00:00+00:00,2019-02-23T18:00:00+00:00,18,HUC2_10_Missouri,0.005597524530407541
2019-03-14T18:00:00+00:00,2019-02-24T00:00:00+00:00,00,HUC2_07_UpperMiss,0.00019860071832465212
2019-03-14T18:00:00+00:00,2019-02-24T00:00:00+00:00,00,HUC2_10_Missouri,0.0004113140785849822
2019-03-15T00:00:00+00:00,2019-02-24T06:00:00+00:00,06,HUC2_07_UpperMiss,0.00022751941852849084
2019-03-15T00:00:00+00:00,2019-02-24T06:00:00+00:00,06,HUC2_10_Missouri,0.0004729376167972107
2019-03-15T06:00:00+00:00,2019-02-24T12:00:00+00:00,12,HUC2_07_UpperMiss,0.0003803056314941684
2019-03-15T06:00:00+00:00,2019-02-24T12:00:00+00:00,12,HUC2_10_Missouri,0.00027899403386720653
2019-03-15T12:00:00+00:00,2019-02-24T18:00:00+00:00,18,HUC2_07_UpperMiss,0.0005426013106686977
2019-03-15T12:00:00+00:00,2019-02-24T18:00:00+00:00,18,HUC2_10_Missouri,0.0006592337340144026
2019-03-15T18:00:00+00:00,2019-02-25T00:00:00+00:00,00,HUC2_07_UpperMiss,0.0006061501290846648
2019-03-15T18:00:00+00:00,2019-02-25T00:00:00+00:00,00,HUC2_10_Missouri,0.0009017345626499437
2019-03-16T00:00:00+00:00,2019-02-25T06:00:00+00:00,06,HUC2_07_UpperMiss,0.0004719629218021706
2019-03-16T00:00:00+00:00,2019-02-25T06:00:00+00:00,06,HUC2_10_Missouri,0.0008107691982019254
2019-03-16T06:00:00+00:00,2019-02-25T12:00:00+00:00,12,HUC2_07_UpperMiss,2.195581391590414e-05
2019-03-16T06:00:00+00:00,2019-02-25T12:00:00+00:00,12,HUC2_10_Missouri,0.00021796818782132712
2019-03-16T12:00:00+00:00,2019-02-25T18:00:00+00:00,18,HUC2_07_UpperMiss,0.00040068271907430994
2019-03-16T12:00:00+00:00,2019-02-25T18:00:00+00:00,18,HUC2_10_Missouri,0.0003168456913469209
2019-03-16T18:00:00+00:00,2019-02-26T00:00:00+00:00,00,HUC2_07_UpperMiss,0.0003503689883251234
2019-03-16T18:00:00+00:00,2019-02-26T00:00:00+00:00,00,HUC2_10_Missouri,0.0013863569622779223
2019-03-17T00:00:00+00:00,2019-02-26T06:00:00+00:00,06,HUC2_07_UpperMiss,0.0001195812087577719
2019-03-17T00:00:00+00:00,2019-02-26T06:00:00+00:00,06,HUC2_10_Missouri,0.003282521236875423
2019-03-17T06:00:00+00:00,2019-02-26T12:00:00+00:00,12,HUC2_07_UpperMiss,0.0017003610170701938
2019-03-17T06:00:00+00:00,2019-02-26T12:00:00+00:00,12,HUC2_10_Missouri,0.002105148321422509
2019-03-17T12:00:00+00:00,2019-02-26T18:00:00+00:00,18,HUC2_07_UpperMiss,0.002348288778215387
2019-03-17T12:00:00+00:00,2019-02-26T18:00:00+00:00,18,HUC2_10_Missouri,0.0005242752448452217
2019-03-17T18:00:00+00:00,2019-02-27T00:00:00+00:00,00,HUC2_07_UpperMiss,0.0001625848727975882
2019-03-17T18:00:00+00:00,2019-02-27T00:00:00+00:00,00,HUC2_10_Missouri,9.429865642280162e-05
2019-03-18T00:00:00+00:00,2019-02-27T06:00:00+00:00,06,HUC2_07_UpperMiss,0.0012385603469523827
2019-03-18T00:00:00+00:00,2019-02-27T06:00:00+00:00,06,HUC2_10_Missouri,0.0009528475079101947
2019-03-18T06:00:00+00:00,2019-02-27T12:00:00+00:00,12,HUC2_07_UpperMiss,7.467124660863341e-06
2019-03-18T06:00:00+00:00,2019-02-27T12:00:00+00:00,12,HUC2_10_Missouri,0.0007117472659650705
2019-03-18T12:00:00+00:00,2019-02-27T18:00:00+00:00,18,HUC2_07_UpperMiss,0.0007312355590863821
2019-03-18T12:00:00+00:00,2019-02-27T18:00:00+00:00,18,HUC2_10_Missouri,0.0005402068423964601
2019-03-18T18:00:00+00:00,2019-02-28T00:00:00+00:00,00,HUC2_07_UpperMiss,0.00017685689519845288
2019-03-18T18:00:00+00:00,2019-02-28T00:00:00+00:00,00,HUC2_10_Missouri,0.004482572324813351
2019-03-19T00:00:00+00:00,2019-02-28T06:00:00+00:00,06,HUC2_07_UpperMiss,0.00023531908330832473
2019-03-19T00:00:00+00:00,2019-02-28T06:00:00+00:00,06,HUC2_10_Missouri,0.00016181412275372698
2019-03-19T06:00:00+00:00,2019-02-28T12:00:00+00:00,12,HUC2_07_UpperMiss,0.00034716321444185576
2019-03-19T06:00:00+00:00,2019-02-28T12:00:00+00:00,12,HUC2_10_Missouri,0.00013505966385552763
2019-03-19T12:00:00+00:00,2019-02-28T18:00:00+00:00,18,HUC2_07_UpperMiss,0.00012735767703776576
2019-03-19T12:00:00+00:00,2019-02-28T18:00:00+00:00,18,HUC2_10_Missouri,0.001577801927326941
2019-03-19T18:00:00+00:00,2019-03-01T00:00:00+00:00,00,HUC2_07_UpperMiss,0.00024010073758011052
2019-03-19T18:00:00+00:00,2019-03-01T00:00:00+00:00,00,HUC2_10_Missouri,0.0005470190270797438
2019-03-20T00:00:00+00:00,2019-03-01T06:00:00+00:00,06,HUC2_07_UpperMiss,0.00015627069137163924
2019-03-20T00:00:00+00:00,2019-03-01T06:00:00+00:00,06,HUC2_10_Missouri,0.0001307481568805582
2019-03-20T06:00:00+00:00,2019-03-01T12:00:00+00:00,12,HUC2_07_UpperMiss,3.483501235280888e-05
2019-03-20T06:00:00+00:00,2019-03-01T12:00:00+00:00,12,HUC2_10_Missouri,0.000133428942856873
2019-03-20T12:00:00+00:00,2019-03-01T18:00:00+00:00,18,HUC2_07_UpperMiss,5.6112688670424405e-05
2019-03-20T12:00:00+00:00,2019-03-01T18:00:00+00:00,18,HUC2_10_Missouri,7.901669965054231e-05
2019-03-20T18:00:00+00:00,2019-03-02T00:00:00+00:00,00,HUC2_07_UpperMiss,0.002067327893906505
2019-03-20T18:00:00+00:00,2019-03-02T00:00:00+00:00,00,HUC2_10_Missouri,0.002042495975188301
2019-03-21T00:00:00+00:00,2019-03-02T06:00:00+00:00,06,HUC2_07_UpperMiss,7.701259542539815e-06
2019-03-21T00:00:00+00:00,2019-03-02T06:00:00+00:00,06,HUC2_10_Missouri,0.0014940367471190097
2019-03-21T06:00:00+00:00,2019-03-02T12:00:00+00:00,12,HUC2_07_UpperMiss,0.0026453766396096912
2019-03-21T06:00:00+00:00,2019-03-02T12:00:00+00:00,12,HUC2_10_Missouri,0.0019111793508452067
2019-03-21T12:00:00+00:00,2019-03-02T18:00:00+00:00,18,HUC2_07_UpperMiss,0.0001871142993910659
2019-03-21T12:00:00+00:00,2019-03-02T18:00:00+00:00,18,HUC2_10_Missouri,0.0020769477526176453
2019-03-21T18:00:00+00:00,2019-03-03T00:00:00+00:00,00,HUC2_07_UpperMiss,5.599695498633292e-05
2019-03-21T18:00:00+00:00,2019-03-03T00:00:00+00:00,00,HUC2_10_Missouri,0.0020390462013221036
2019-03-22T00:00:00+00:00,2019-03-03T06:00:00+00:00,06,HUC2_07_UpperMiss,5.0520152778161945e-05
2019-03-22T00:00:00+00:00,2019-03-03T06:00:00+00:00,06,HUC2_10_Missouri,0.0005167753171102041
2019-03-22T06:00:00+00:00,2019-03-03T12:00:00+00:00,12,HUC2_07_UpperMiss,0.0006223519809674896
2019-03-22T06:00:00+00:00,2019-03-03T12:00:00+00:00,12,HUC2_10_Missouri,0.0007572681095444259
2019-03-22T12:00:00+00:00,2019-03-03T18:00:00+00:00,18,HUC2_07_UpperMiss,0.000264023795628355
2019-03-22T12:00:00+00:00,2019-03-03T18:00:00+00:00,18,HUC2_10_Missouri,0.0005819464028193255
2019-03-22T18:00:00+00:00,2019-03-04T00:00:00+00:00,00,HUC2_07_UpperMiss,0.0002254995155980416
2019-03-22T18:00:00+00:00,2019-03-04T00:00:00+00:00,00,HUC2_10_Missouri,0.0009504151701302076
2019-03-23T00:00:00+00:00,2019-03-04T06:00:00+00:00,06,HUC2_07_UpperMiss,0.0010487430633227377
2019-03-23T00:00:00+00:00,2019-03-04T06:00:00+00:00,06,HUC2_10_Missouri,0.0005686548163054409
2019-03-23T06:00:00+00:00,2019-03-04T12:00:00+00:00,12,HUC2_07_UpperMiss,9.558194712544873e-05
2019-03-23T06:00:00+00:00,2019-03-04T12:00:00+00:00,12,HUC2_10_Missouri,0.0012946637821159158
2019-03-23T12:00:00+00:00,2019-03-04T18:00:00+00:00,18,HUC2_07_UpperMiss,0.00052794632995627
2019-03-23T12:00:00+00:00,2019-03-04T18:00:00+00:00,18,HUC2_10_Missouri,0.0006069401728304812
2019-03-23T18:00:00+00:00,2019-03-05T00:00:00+00:00,00,HUC2_07_UpperMiss,0.0001261834018018651
2019-03-23T18:00:00+00:00,2019-03-05T00:00:00+00:00,00,HUC2_10_Missouri,0.001486170478479759
2019-03-24T00:00:00+00:00,2019-03-05T06:00:00+00:00,06,HUC2_07_UpperMiss,0.0005621180246737351
2019-03-24T00:00:00+00:00,2019-03-05T06:00:00+00:00,06,HUC2_10_Missouri,0.00029750246283289
2019-03-24T06:00:00+00:00,2019-03-05T12:00:00+00:00,12,HUC2_07_UpperMiss,0.0024166400325300527
2019-03-24T06:00:00+00:00,2019-03-05T12:00:00+00:00,12,HUC2_10_Missouri,0.002041823399578677
2019-03-24T12:00:00+00:00,2019-03-05T18:00:00+00:00,18,HUC2_07_UpperMiss,0.0005202990444527547
2019-03-24T12:00:00+00:00,2019-03-05T18:00:00+00:00,18,HUC2_10_Missouri,0.00012712251656742297
2019-03-24T18:00:00+00:00,2019-03-06T00:00:00+00:00,00,HUC2_07_UpperMiss,0.0007205428938896579
2019-03-24T18:00:00+00:00,2019-03-06T00:00:00+00:00,00,HUC2_10_Missouri,0.004252702858389471
2019-03-25T00:00:00+00:00,2019-03-06T06:00:00+00:00,06,HUC2_07_UpperMiss,0.0001520533835311645
2019-03-25T00:00:00+00:00,2019-03-06T06:00:00+00:00,06,HUC2_10_Missouri,0.00029954304229476246
2019-03-25T06:00:00+00:00,2019-03-06T12:00:00+00:00,12,HUC2_07_UpperMiss,2.7095690599916053e-05
2019-03-25T06:00:00+00:00,2019-03-06T12:00:00+00:00,12,HUC2_10_Missouri,0.00014210700593327144
2019-03-25T12:00:00+00:00,2019-03-06T18:00:00+00:00,18,HUC2_07_UpperMiss,5.448809555551662e-05
2019-03-25T12:00:00+00:00,2019-03-06T18:00:00+00:00,18,HUC2_10_Missouri,0.00013313044094767726
2019-03-25T18:00:00+00:00,2019-03-07T00:00:00+00:00,00,HUC2_07_UpperMiss,8.06572670152839e-05
2019-03-25T18:00:00+00:00,2019-03-07T00:00:00+00:00,00,HUC2_10_Missouri,0.00010747134198569873
2019-03-26T00:00:00+00:00,2019-03-07T06:00:00+00:00,06,HUC2_07_UpperMiss,0.0005762820892652629
2019-03-26T00:00:00+00:00,2019-03-07T06:00:00+00:00,06,HUC2_10_Missouri,0.0014605024044652979
2019-03-26T06:00:00+00:00,2019-03-07T12:00:00+00:00,12,HUC2_07_UpperMiss,0.000274515944617698
2019-03-26T06:00:00+00:00,2019-03-07T12:00:00+00:00,12,HUC2_10_Missouri,0.0003943792507447221
2019-03-26T12:00:00+00:00,2019-03-07T18:00:00+00:00,18,HUC2_07_UpperMiss,0.0006337005706287163
2019-03-26T12:00:00+00:00,2019-03-07T18:00:00+00:00,18,HUC2_10_Missouri,0.0006285417352777361
2019-03-26T18:00:00+00:00,2019-03-08T00:00:00+00:00,00,HUC2_07_UpperMiss,0.0004825568394482339
2019-03-26T18:00:00+00:00,2019-03-08T00:00:00+00:00,00,HUC2_10_Missouri,0.006182956329207046
2019-03-27T00:00:00+00:00,2019-03-08T06:00:00+00:00,06,HUC2_07_UpperMiss,0.0001740626659150817
2019-03-27T00:00:00+00:00,2019-03-08T06:00:00+00:00,06,HUC2_10_Missouri,8.282509117246916e-05
2019-03-27T06:00:00+00:00,2019-03-08T12:00:00+00:00,12,HUC2_07_UpperMiss,0.0008453507545076088
2019-03-27T06:00:00+00:00,2019-03-08T12:00:00+00:00,12,HUC2_10_Missouri,0.0011261385405254205
2019-03-27T12:00:00+00:00,2019-03-08T18:00:00+00:00,18,HUC2_07_UpperMiss,4.2014752751648755e-06
2019-03-27T12:00:00+00:00,2019-03-08T18:00:00+00:00,18,HUC2_10_Missouri,0.0012057629943520074
2019-03-27T18:00:00+00:00,2019-03-09T00:00:00+00:00,00,HUC2_07_UpperMiss,5.6190183023938e-05
2019-03-27T18:00:00+00:00,2019-03-09T00:00:00+00:00,00,HUC2_10_Missouri,0.0007657397127288546
2019-03-28T00:00:00+00:00,2019-03-09T06:00:00+00:00,06,HUC2_07_UpperMiss,0.00011051968447764888
2019-03-28T00:00:00+00:00,2019-03-09T06:00:00+00:00,06,HUC2_10_Missouri,0.003028527133196969
2019-03-28T06:00:00+00:00,2019-03-09T12:00:00+00:00,12,HUC2_07_UpperMiss,0.00043776508111061443
2019-03-28T06:00:00+00:00,2019-03-09T12:00:00+00:00,12,HUC2_10_Missouri,0.0021991754233898005
2019-03-28T12:00:00+00:00,2019-03-09T18:00:00+00:00,18,HUC2_07_UpperMiss,0.003667301400016364
2019-03-28T12:00:00+00:00,2019-03-09T18:00:00+00:00,18,HUC2_10_Missouri,0.0013056042784789308
2019-03-28T18:00:00+00:00,2019-03-10T00:00:00+00:00,00,HUC2_07_UpperMiss,2.583123737974584e-05
2019-03-28T18:00:00+00:00,2019-03-10T00:00:00+00:00,00,HUC2_10_Missouri,0.0006121477835630923
2019-03-29T00:00:00+00:00,2019-03-10T06:00:00+00:00,06,HUC2_07_UpperMiss,0.0006614028544506583
2019-03-29T00:00:00+00:00,2019-03-10T06:00:00+00:00,06,HUC2_10_Missouri,0.0016407400397333185
2019-03-29T06:00:00+00:00,2019-03-10T12:00:00+00:00,12,HUC2_07_UpperMiss,0.0022717213434045283
2019-03-29T06:00:00+00:00,2019-03-10T12:00:00+00:00,12,HUC2_10_Missouri,0.0013176258810694398
2019-03-29T12:00:00+00:00,2019-03-10T18:00:00+00:00,18,HUC2_07_UpperMiss,0.00023701067576499787
2019-03-29T12:00:00+00:00,2019-03-10T18:00:00+00:00,18,HUC2_10_Missouri,0.0006153684435849292
2019-03-29T18:00:00+00:00,2019-03-11T00:00:00+00:00,00,HUC2_07_UpperMiss,0.003293207692337218
2019-03-29T18:00:00+00:00,2019-03-11T00:00:00+00:00,00,HUC2_10_Missouri,0.0011594026524722916
2019-03-30T00:00:00+00:00,2019-03-11T06:00:00+00:00,06,HUC2_07_UpperMiss,0.002651138706474061
2019-03-30T00:00:00+00:00,2019-03-11T06:00:00+00:00,06,HUC2_10_Missouri,0.0012940945786120222
2019-03-30T06:00:00+00:00,2019-03-11T12:00:00+00:00,12,HUC2_07_UpperMiss,0.002415432982300057
2019-03-30T06:00:00+00:00,2019-03-11T12:00:00+00:00,12,HUC2_10_Missouri,0.0017705541922371283
2019-03-30T12:00:00+00:00,2019-03-11T18:00:00+00:00,18,HUC2_07_UpperMiss,0.00060139406742479
2019-03-30T12:00:00+00:00,2019-03-11T18:00:00+00:00,18,HUC2_10_Missouri,7.954897561006401e-05
2019-03-30T18:00:00+00:00,2019-03-12T00:00:00+00:00,00,HUC2_07_UpperMiss,1.6707388277487495e-05
2019-03-30T18:00:00+00:00,2019-03-12T00:00:00+00:00,00,HUC2_10_Missouri,0.00012829916168527393
2019-03-31T00:00:00+00:00,2019-03-12T06:00:00+00:00,06,HUC2_07_UpperMiss,0.0006114925360321449
2019-03-31T00:00:00+00:00,2019-03-12T06:00:00+00:00,06,HUC2_10_Missouri,0.0004460303894128061
2019-03-31T06:00:00+00:00,2019-03-12T12:00:00+00:00,12,HUC2_07_UpperMiss,0.0006450781076159681
2019-03-31T06:00:00+00:00,2019-03-12T12:00:00+00:00,12,HUC2_10_Missouri,0.004358987817346822
2019-03-31T12:00:00+00:00,2019-03-12T18:00:00+00:00,18,HUC2_07_UpperMiss,0.006185860909713072
2019-03-31T12:00:00+00:00,2019-03-12T18:00:00+00:00,18,HUC2_10_Missouri,0.0034451258985910243
2019-03-31T18:00:00+00:00,2019-03-13T00:00:00+00:00,00,HUC2_07_UpperMiss,1.994488610826485e-05
2019-03-31T18:00:00+00:00,2019-03-13T00:00:00+00:00,00,HUC2_10_Missouri,2.0036738730153575e-06
2019-04-01T00:00:00+00:00,2019-03-13T06:00:00+00:00,06,HUC2_07_UpperMiss,0.0016744545844709293
2019-04-01T00:00:00+00:00,2019-03-13T06:00:00+00:00,06,HUC2_10_Missouri,0.0033062164362736533
2019-04-01T06:00:00+00:00,2019-03-13T12:00:00+00:00,12,HUC2_07_UpperMiss,0.00027009575564266924
2019-04-01T06:00:00+00:00,2019-03-13T12:00:00+00:00,12,HUC2_10_Missouri,0.005255780339899666
2019-04-01T12:00:00+00:00,2019-03-13T18:00:00+00:00,18,HUC2_07_UpperMiss,0.00045998579649390994
2019-04-01T12:00:00+00:00,2019-03-13T18:00:00+00:00,18,HUC2_10_Missouri,0.0037229109022432465
2019-04-01T18:00:00+00:00,2019-03-14T00:00:00+00:00,00,HUC2_07_UpperMiss,2.4909320409546312e-05
2019-04-01T18:00:00+00:00,2019-03-14T00:00:00+00:00,00,HUC2_10_Missouri,0.001105788774771142
2019-04-02T00:00:00+00:00,2019-03-14T06:00:00+00:00,06,HUC2_07_UpperMiss,0.0
2019-04-02T00:00:00+00:00,2019-03-14T06:00:00+00:00,06,HUC2_10_Missouri,0.0008453345714650684
2019-04-02T06:00:00+00:00,2019-03-14T12:00:00+00:00,12,HUC2_07_UpperMiss,0.0001358757121075889
2019-04-02T06:00:00+00:00,2019-03-14T12:00:00+00:00,12,HUC2_10_Missouri,0.0035874125101784692
2019-04-02T12:00:00+00:00,2019-03-14T18:00:00+00:00,18,HUC2_07_UpperMiss,0.0008106219524808828
2019-04-02T12:00:00+00:00,2019-03-14T18:00:00+00:00,18,HUC2_10_Missouri,0.001887784727967924
2019-04-02T18:00:00+00:00,2019-03-15T00:00:00+00:00,00,HUC2_07_UpperMiss,2.7111762880386297e-06
2019-04-02T18:00:00+00:00,2019-03-15T00:00:00+00:00,00,HUC2_10_Missouri,0.009148010989641412
2019-04-03T00:00:00+00:00,2019-03-15T06:00:00+00:00,06,HUC2_07_UpperMiss,0.0018874283430564646
2019-04-03T00:00:00+00:00,2019-03-15T06:00:00+00:00,06,HUC2_10_Missouri,0.004175073952884816
2019-04-03T06:00:00+00:00,2019-03-15T12:00:00+00:00,12,HUC2_07_UpperMiss,0.00010692003598883523
2019-04-03T06:00:00+00:00,2019-03-15T12:00:00+00:00,12,HUC2_10_Missouri,0.0010978666578800305
2019-04-03T12:00:00+00:00,2019-03-15T18:00:00+00:00,18,HUC2_07_UpperMiss,0.001164323990361114
2019-04-03T12:00:00+00:00,2019-03-15T18:00:00+00:00,18,HUC2_10_Missouri,0.008234380652925397
2019-04-03T18:00:00+00:00,2019-03-16T00:00:00+00:00,00,HUC2_07_UpperMiss,0.0014871300416054336
2019-04-03T18:00:00+00:00,2019-03-16T00:00:00+00:00,00,HUC2_10_Missouri,0.0009689589350016088
2019-04-04T00:00:00+00:00,2019-03-16T06:00:00+00:00,06,HUC2_07_UpperMiss,7.80370922308263e-05
2019-04-04T00:00:00+00:00,2019-03-16T06:00:00+00:00,06,HUC2_10_Missouri,0.004178924151225986
2019-04-04T06:00:00+00:00,2019-03-16T12:00:00+00:00,12,HUC2_07_UpperMiss,0.00011149066494109137
2019-04-04T06:00:00+00:00,2019-03-16T12:00:00+00:00,12,HUC2_10_Missouri,0.0029863681649884956
2019-04-04T12:00:00+00:00,2019-03-16T18:00:00+00:00,18,HUC2_07_UpperMiss,9.856471823985313e-07
2019-04-04T12:00:00+00:00,2019-03-16T18:00:00+00:00,18,HUC2_10_Missouri,0.00010912642600938882
2019-04-04T18:00:00+00:00,2019-03-17T00:00:00+00:00,00,HUC2_07_UpperMiss,0.0015512279975072774
2019-04-04T18:00:00+00:00,2019-03-17T00:00:00+00:00,00,HUC2_10_Missouri,0.00035057096433371165
2019-04-05T00:00:00+00:00,2019-03-17T06:00:00+00:00,06,HUC2_07_UpperMiss,0.00025706553338640856
2019-04-05T00:00:00+00:00,2019-03-17T06:00:00+00:00,06,HUC2_10_Missouri,0.00017509883774487675
2019-04-05T06:00:00+00:00,2019-03-17T12:00:00+00:00,12,HUC2_07_UpperMiss,2.6488972570783546e-05
2019-04-05T06:00:00+00:00,2019-03-17T12:00:00+00:00,12,HUC2_10_Missouri,0.00023917486901259464
2019-04-05T12:00:00+00:00,2019-03-17T18:00:00+00:00,18,HUC2_07_UpperMiss,0.0036246872912816296
2019-04-05T12:00:00+00:00,2019-03-17T18:00:00+00:00,18,HUC2_10_Missouri,0.004065681880129212
2019-04-05T18:00:00+00:00,2019-03-18T00:00:00+00:00,00,HUC2_07_UpperMiss,0.0019929946522533916
2019-04-05T18:00:00+00:00,2019-03-18T00:00:00+00:00,00,HUC2_10_Missouri,0.009594896745308534
2019-04-06T00:00:00+00:00,2019-03-18T06:00:00+00:00,06,HUC2_07_UpperMiss,0.00048025953799176233
2019-04-06T00:00:00+00:00,2019-03-18T06:00:00+00:00,06,HUC2_10_Missouri,0.0034539230688711993
2019-04-06T06:00:00+00:00,2019-03-18T12:00:00+00:00,12,HUC2_07_UpperMiss,0.00013052360215414524
2019-04-06T06:00:00+00:00,2019-03-18T12:00:00+00:00,12,HUC2_10_Missouri,0.0007317432581388018
2019-04-06T12:00:00+00:00,2019-03-18T18:00:00+00:00,18,HUC2_07_UpperMiss,0.000319117780782753
2019-04-06T12:00:00+00:00,2019-03-18T18:00:00+00:00,18,HUC2_10_Missouri,0.000832212513049849
2019-04-06T18:00:00+00:00,2019-03-19T00:00:00+00:00,00,HUC2_07_UpperMiss,0.0016232750922997856
2019-04-06T18:00:00+00:00,2019-03-19T00:00:00+00:00,00,HUC2_10_Missouri,0.0016830707300147087
2019-04-07T00:00:00+00:00,2019-03-19T06:00:00+00:00,06,HUC2_07_UpperMiss,7.862540304933589e-05
2019-04-07T00:00:00+00:00,2019-03-19T06:00:00+00:00,06,HUC2_10_Missouri,0.0011917001828434968
2019-04-07T06:00:00+00:00,2019-03-19T12:00:00+00:00,12,HUC2_07_UpperMiss,0.005350113146111116
2019-04-07T06:00:00+00:00,2019-03-19T12:00:00+00:00,12,HUC2_10_Missouri,0.0028448531899314834
2019-04-07T12:00:00+00:00,2019-03-19T18:00:00+00:00,18,HUC2_07_UpperMiss,1.2706700851346668e-06
2019-04-07T12:00:00+00:00,2019-03-19T18:00:00+00:00,18,HUC2_10_Missouri,2.9830896805942374e-05
2019-04-07T18:00:00+00:00,2019-03-20T00:00:00+00:00,00,HUC2_07_UpperMiss,3.307072127315922e-06
2019-04-07T18:00:00+00:00,2019-03-20T00:00:00+00:00,00,HUC2_10_Missouri,0.003065172984107667
2019-04-08T00:00:00+00:00,2019-03-20T06:00:00+00:00,06,HUC2_07_UpperMiss,6.194547099975424e-05
2019-04-08T00:00:00+00:00,2019-03-20T06:00:00+00:00,06,HUC2_10_Missouri,0.00014505942904739574
2019-04-08T06:00:00+00:00,2019-03-20T12:00:00+00:00,12,HUC2_07_UpperMiss,0.0
2019-04-08T06:00:00+00:00,2019-03-20T12:00:00+00:00,12,HUC2_10_Missouri,8.050508245783914e-05
2019-04-08T12:00:00+00:00,2019-03-20T18:00:00+00:00,18,HUC2_07_UpperMiss,0.00012514746963323897
2019-04-08T12:00:00+00:00,2019-03-20T18:00:00+00:00,18,HUC2_10_Missouri,0.0001917577467463444
2019-04-08T18:00:00+00:00,2019-03-21T00:00:00+00:00,00,HUC2_07_UpperMiss,0.00028028899437329465
2019-04-08T18:00:00+00:00,2019-03-21T00:00:00+00:00,00,HUC2_10_Missouri,0.0036397244829659593
2019-04-09T00:00:00+00:00,2019-03-21T06:00:00+00:00,06,HUC2_07_UpperMiss,7.76220700093474e-06
2019-04-09T00:00:00+00:00,2019-03-21T06:00:00+00:00,06,HUC2_10_Missouri,0.0006982756373530061
2019-04-09T06:00:00+00:00,2019-03-21T12:00:00+00:00,12,HUC2_07_UpperMiss,0.004239107360073999
2019-04-09T06:00:00+00:00,2019-03-21T12:00:00+00:00,12,HUC2_10_Missouri,0.0010231169872937352
2019-04-09T12:00:00+00:00,2019-03-21T18:00:00+00:00,18,HUC2_07_UpperMiss,0.0005865824445428746
2019-04-09T12:00:00+00:00,2019-03-21T18:00:00+00:00,18,HUC2_10_Missouri,0.0018277395876080931
2019-04-09T18:00:00+00:00,2019-03-22T00:00:00+00:00,00,HUC2_07_UpperMiss,3.780624825430689e-06
2019-04-09T18:00:00+00:00,2019-03-22T00:00:00+00:00,00,HUC2_10_Missouri,6.612486908763712e-05
2019-04-10T00:00:00+00:00,2019-03-22T06:00:00+00:00,06,HUC2_07_UpperMiss,2.4962542813592966e-05
2019-04-10T00:00:00+00:00,2019-03-22T06:00:00+00:00,06,HUC2_10_Missouri,0.00032718787642176263
2019-04-10T06:00:00+00:00,2019-03-22T12:00:00+00:00,12,HUC2_07_UpperMiss,0.00042077349950954396
2019-04-10T06:00:00+00:00,2019-03-22T12:00:00+00:00,12,HUC2_10_Missouri,0.005207232587216846
2019-04-10T12:00:00+00:00,2019-03-22T18:00:00+00:00,18,HUC2_07_UpperMiss,0.00027494029377825335
2019-04-10T12:00:00+00:00,2019-03-22T18:00:00+00:00,18,HUC2_10_Missouri,0.002710470824594319
2019-04-10T18:00:00+00:00,2019-03-23T00:00:00+00:00,00,HUC2_07_UpperMiss,0.004349259246993771
2019-04-10T18:00:00+00:00,2019-03-23T00:00:00+00:00,00,HUC2_10_Missouri,0.0010892723438865972
2019-04-11T00:00:00+00:00,2019-03-23T06:00:00+00:00,06,HUC2_07_UpperMiss,0.0018679909395340802
2019-04-11T00:00:00+00:00,2019-03-23T06:00:00+00:00,06,HUC2_10_Missouri,0.0020348776722459755
2019-04-11T06:00:00+00:00,2019-03-23T12:00:00+00:00,12,HUC2_07_UpperMiss,5.793367918478511e-05
2019-04-11T06:00:00+00:00,2019-03-23T12:00:00+00:00,12,HUC2_10_Missouri,0.009451576719607245
2019-04-11T12:00:00+00:00,2019-03-23T18:00:00+00:00,18,HUC2_07_UpperMiss,0.00019548349378594848
2019-04-11T12:00:00+00:00,2019-03-23T18:00:00+00:00,18,HUC2_10_Missouri,0.0023404926652746505
2019-04-11T18:00:00+00:00,2019-03-24T00:00:00+00:00,00,HUC2_07_UpperMiss,0.00027459870574888433
2019-04-11T18:00:00+00:00,2019-03-24T00:00:00+00:00,00,HUC2_10_Missouri,0.00031915877687357144
2019-04-12T00:00:00+00:00,2019-03-24T06:00:00+00:00,06,HUC2_07_UpperMiss,4.047825532587794e-06
2019-04-12T00:00:00+00:00,2019-03-24T06:00:00+00:00,06,HUC2_10_Missouri,0.0017848846938733928
2019-04-12T06:00:00+00:00,2019-03-24T12:00:00+00:00,12,HUC2_07_UpperMiss,0.0010503890045695885
2019-04-12T06:00:00+00:00,2019-03-24T12:00:00+00:00,12,HUC2_10_Missouri,0.007083665649475851
2019-04-12T12:00:00+00:00,2019-03-24T18:00:00+00:00,18,HUC2_07_UpperMiss,0.0025211475367733502
2019-04-12T12:00:00+00:00,2019-03-24T18:00:00+00:00,18,HUC2_10_Missouri,5.432293405251178e-05
2019-04-12T18:00:00+00:00,2019-03-25T00:00:00+00:00,00,HUC2_07_UpperMiss,0.0005541230039896126
2019-04-12T18:00:00+00:00,2019-03-25T00:00:00+00:00,00,HUC2_10_Missouri,0.00026777166459450186
2019-04-13T00:00:00+00:00,2019-03-25T06:00:00+00:00,06,HUC2_07_UpperMiss,0.0007873826467817772
2019-04-13T00:00:00+00:00,2019-03-25T06:00:00+00:00,06,HUC2_10_Missouri,0.0018705033102348078
2019-04-13T06:00:00+00:00,2019-03-25T12:00:00+00:00,12,HUC2_07_UpperMiss,0.002566446093655659
2019-04-13T06:00:00+00:00,2019-03-25T12:00:00+00:00,12,HUC2_10_Missouri,0.0016352866197804983
2019-04-13T12:00:00+00:00,2019-03-25T18:00:00+00:00,18,HUC2_07_UpperMiss,3.789943683259869e-05
2019-04-13T12:00:00+00:00,2019-03-25T18:00:00+00:00,18,HUC2_10_Missouri,0.007586820251402867
2019-04-13T18:00:00+00:00,2019-03-26T00:00:00+00:00,00,HUC2_07_UpperMiss,0.0024462352358406198
2019-04-13T18:00:00+00:00,2019-03-26T00:00:00+00:00,00,HUC2_10_Missouri,0.00138061856980491
2019-04-14T00:00:00+00:00,2019-03-26T06:00:00+00:00,06,HUC2_07_UpperMiss,0.0037173237566833586
2019-04-14T00:00:00+00:00,2019-03-26T06:00:00+00:00,06,HUC2_10_Missouri,0.003483425049137893
2019-04-14T06:00:00+00:00,2019-03-26T12:00:00+00:00,12,HUC2_07_UpperMiss,0.0003384725296250535
2019-04-14T06:00:00+00:00,2019-03-26T12:00:00+00:00,12,HUC2_10_Missouri,0.00020890767778587748
2019-04-14T12:00:00+00:00,2019-03-26T18:00:00+00:00,18,HUC2_07_UpperMiss,0.0017641573229467248
2019-04-14T12:00:00+00:00,2019-03-26T18:00:00+00:00,18,HUC2_10_Missouri,0.0016391168611711682
2019-04-14T18:00:00+00:00,2019-03-27T00:00:00+00:00,00,HUC2_07_UpperMiss,0.00028972092759493027
2019-04-14T18:00:00+00:00,2019-03-27T00:00:00+00:00,00,HUC2_10_Missouri,0.00022620762592988653
2019-04-15T00:00:00+00:00,2019-03-27T06:00:00+00:00,06,HUC2_07_UpperMiss,3.8675728541026105e-06
2019-04-15T00:00:00+00:00,2019-03-27T06:00:00+00:00,06,HUC2_10_Missouri,0.0033485136847334965
2019-04-15T06:00:00+00:00,2019-03-27T12:00:00+00:00,12,HUC2_07_UpperMiss,0.00011161992550519275
2019-04-15T06:00:00+00:00,2019-03-27T12:00:00+00:00,12,HUC2_10_Missouri,0.000902943571950715
2019-04-15T12:00:00+00:00,2019-03-27T18:00:00+00:00,18,HUC2_07_UpperMiss,3.6627439489793597e-06
2019-04-15T12:00:00+00:00,2019-03-27T18:00:00+00:00,18,HUC2_10_Missouri,0.0039922312904356605
2019-04-15T18:00:00+00:00,2019-03-28T00:00:00+00:00,00,HUC2_07_UpperMiss,0.00038420874615652565
2019-04-15T18:00:00+00:00,2019-03-28T00:00:00+00:00,00,HUC2_10_Missouri,0.00048036685788795883
2019-04-16T00:00:00+00:00,2019-03-28T06:00:00+00:00,06,HUC2_07_UpperMiss,0.0009889231332701526
2019-04-16T00:00:00+00:00,2019-03-28T06:00:00+00:00,06,HUC2_10_Missouri,0.0005703859349527
2019-04-16T06:00:00+00:00,2019-03-28T12:00:00+00:00,12,HUC2_07_UpperMiss,0.0
2019-04-16T06:00:00+00:00,2019-03-28T12:00:00+00:00,12,HUC2_10_Missouri,0.00020755071213472188
2019-04-16T12:00:00+00:00,2019-03-28T18:00:00+00:00,18,HUC2_07_UpperMiss,0.0007958985781767125
2019-04-16T12:00:00+00:00,2019-03-28T18:00:00+00:00,18,HUC2_10_Missouri,0.0007551667737416234
2019-04-16T18:00:00+00:00,2019-03-29T00:00:00+00:00,00,HUC2_07_UpperMiss,7.542713278695546e-05
2019-04-16T18:00:00+00:00,2019-03-29T00:00:00+00:00,00,HUC2_10_Missouri,0.0008873975387214096
2019-04-17T00:00:00+00:00,2019-03-29T06:00:00+00:00,06,HUC2_07_UpperMiss,0.002156062690827489
2019-04-17T00:00:00+00:00,2019-03-29T06:00:00+00:00,06,HUC2_10_Missouri,0.0025091317333517157
2019-04-17T06:00:00+00:00,2019-03-29T12:00:00+00:00,12,HUC2_07_UpperMiss,0.00010646083967753544
2019-04-17T06:00:00+00:00,2019-03-29T12:00:00+00:00,12,HUC2_10_Missouri,0.0017125486591768407
2019-04-17T12:00:00+00:00,2019-03-29T18:00:00+00:00,18,HUC2_07_UpperMiss,0.0018703090050371208
2019-04-17T12:00:00+00:00,2019-03-29T18:00:00+00:00,18,HUC2_10_Missouri,0.0030283121109766042
2019-04-17T18:00:00+00:00,2019-03-30T00:00:00+00:00,00,HUC2_07_UpperMiss,0.00013148429862323374
2019-04-17T18:00:00+00:00,2019-03-30T00:00:00+00:00,00,HUC2_10_Missouri,0.004728741566743931
2019-04-18T00:00:00+00:00,2019-03-30T06:00:00+00:00,06,HUC2_07_UpperMiss,0.0
2019-04-18T00:00:00+00:00,2019-03-30T06:00:00+00:00,06,HUC2_10_Missouri,0.000995215984175849
2019-04-18T06:00:00+00:00,2019-03-30T12:00:00+00:00,12,HUC2_07_UpperMiss,0.0018973880623178356
2019-04-18T06:00:00+00:00,2019-03-30T12:00:00+00:00,12,HUC2_10_Missouri,0.0025334976007865355
2019-04-18T12:00:00+00:00,2019-03-30T18:00:00+00:00,18,HUC2_07_UpperMiss,0.001132942112966081
2019-04-18T12:00:00+00:00,2019-03-30T18:00:00+00:00,18,HUC2_10_Missouri,0.004331850091496039
2019-04-18T18:00:00+00:00,2019-03-31T00:00:00+00:00,00,HUC2_07_UpperMiss,0.0005098818229755824
2019-04-18T18:00:00+00:00,2019-03-31T00:00:00+00:00,00,HUC2_10_Missouri,0.0033740553719591535
2019-04-19T00:00:00+00:00,2019-03-31T06:00:00+00:00,06,HUC2_07_UpperMiss,0.0011701323109179341
2019-04-19T00:00:00+00:00,2019-03-31T06:00:00+00:00,06,HUC2_10_Missouri,0.0005204740735461499
2019-04-19T06:00:00+00:00,2019-03-31T12:00:00+00:00,12,HUC2_07_UpperMiss,3.270136425338796e-05
2019-04-19T06:00:00+00:00,2019-03-31T12:00:00+00:00,12,HUC2_10_Missouri,0.0006166775537205507
2019-04-19T12:00:00+00:00,2019-03-31T18:00:00+00:00,18,HUC2_07_UpperMiss,0.0030806720370626763
2019-04-19T12:00:00+00:00,2019-03-31T18:00:00+00:00,18,HUC2_10_Missouri,0.0015323479045279453
